NOME;POTENCIA;PROPRIET;INI_OPER;CEG;CREATED_US;CREATED_DA;LAST_EDITE;LAST_EDI_1;CPU
Ventos de Santa Eugênia 06;34200;100% para OSLO VI S/A. (PIE);20230120;EOL.CV.BA.038082-2.01;BERNARDO.OLIVEIRA;20241213;BERNARDO.OLIVEIRA;20241213
Acauã I;25200;100% para CENTRAL EOLICA ACAUA I S.A. (PIE);20240124;EOL.CV.RN.033597-5.01;BERNARDO.OLIVEIRA;20241213;BERNARDO.OLIVEIRA;20241213
Campo dos Ventos III;25200;100% para Campo dos Ventos III Energias Renováveis S.A (PIE);20160505;EOL.CV.RN.031071-9.01;BERNARDO.OLIVEIRA;20241213;BERNARDO.OLIVEIRA;20241213
Juremas;16100;100% para SPE Juremas Energia S.A. (PIE);20141205;EOL.CV.RN.030660-6.01;BERNARDO.OLIVEIRA;20241213;BERNARDO.OLIVEIRA;20241213
Igaporã;30400;100% para Centrais Eólicas Igaporã LTDA. (PIE);20140704;EOL.CV.BA.030321-6.01;BERNARDO.OLIVEIRA;20241213;BERNARDO.OLIVEIRA;20241213
Ventos de São Roque 13;45600;100% para ENEL GREEN POWER VENTOS DE SAO ROQUE 13 S.A. (PIE);20240228;EOL.CV.PI.040631-7.01;BERNARDO.OLIVEIRA;20241213;BERNARDO.OLIVEIRA;20241213
Chafariz 1;34650;100% para CHAFARIZ 1 ENERGIA RENOVÁVEL S.A. (PIE);20210813;EOL.CV.PB.034639-0.01;BERNARDO.OLIVEIRA;20241213;BERNARDO.OLIVEIRA;20241213
Delta 3 VII (Antiga Ventos do Norte 18);27600;100% para DELTA 3 VII ENERGIA S.A. (PIE);20170707;EOL.CV.MA.033680-7.01;BERNARDO.OLIVEIRA;20241213;BERNARDO.OLIVEIRA;20241213
Juazeiro;18900;100% para Centrais Eólicas Juazeiro S.A. (PIE);20221022;EOL.CV.BA.032106-0.01;BERNARDO.OLIVEIRA;20241213;BERNARDO.OLIVEIRA;20241213
Sete Gameleiras;30000;100% para SETE GAMELEIRAS S/A (PIE);20130326;EOL.CV.BA.030455-7.01;BERNARDO.OLIVEIRA;20241213;BERNARDO.OLIVEIRA;20241213
Oitis 6;49500;100% para OITIS 6 ENERGIA RENOVÁVEL S.A. (PIE);20220722;EOL.CV.PI.044365-4.01;BERNARDO.OLIVEIRA;20241213;BERNARDO.OLIVEIRA;20241213
Ventos de Santa Brígida VII;27200;100% para Ventos de Santa Brígida VII Energias Renováveis S.A (PIE);20151225;EOL.CV.PE.031422-6.01;BERNARDO.OLIVEIRA;20241213;BERNARDO.OLIVEIRA;20241213
Aura Mirim VI;9000;100% para Santa Vitória do Palmar IX Energias Renováveis S.A. (PIE);20170708;EOL.CV.RS.031701-2.01;BERNARDO.OLIVEIRA;20241213;BERNARDO.OLIVEIRA;20241213
Serra do Seridó VII;44000;100% para Parque Eólico Serra do Seridó VII S.A. (PIE);20230705;EOL.CV.PB.038305-8.01;BERNARDO.OLIVEIRA;20241213;BERNARDO.OLIVEIRA;20241213
Ventos de São Januário 23;58800;100% para VENTOS DE SANTO ABELARDO ENERGIAS RENOVÁVEIS S/A (PIE);20211224;EOL.CV.RN.040625-2.01;BERNARDO.OLIVEIRA;20241213;BERNARDO.OLIVEIRA;20241213
São Bento do Norte I;23100;100% para CENTRAL GERADORA EÓLICA SÃO BENTO DO NORTE I S/A (PIE);20190131;EOL.CV.RN.033640-8.01;BERNARDO.OLIVEIRA;20241213;BERNARDO.OLIVEIRA;20241213
Santana I;30000;100% para SANTANA 1 ENERGIA RENOVÁVEL S.A. (PIE);20161228;EOL.CV.RN.031810-8.01;BERNARDO.OLIVEIRA;20241213;BERNARDO.OLIVEIRA;20241213
Cajuína A3 (Amtiga Ventos de Santa Tereza 03);45600;100% para VENTOS DE SANTA TEREZA 03 ENERGIAS RENOVAVEIS S.A. (PIE);20230811;EOL.CV.RN.047237-9.01;BERNARDO.OLIVEIRA;20241213;BERNARDO.OLIVEIRA;20241213
Cumarú III;42000;100% para ENEL GREEN POWER CUMARU 03 S.A (PIE);20211016;EOL.CV.RN.032209-1.01;BERNARDO.OLIVEIRA;20241213;BERNARDO.OLIVEIRA;20241213
Modelo I;30550;100% para Enel Green Power Modelo I Eólica S.A (PIE);20141025;EOL.CV.RN.030787-4.01;BERNARDO.OLIVEIRA;20241213;BERNARDO.OLIVEIRA;20241213
Parque Eólico dos Índios 3;23000;100% para Ventos dos Índios Energia S.A (PIE);20141216;EOL.CV.RS.030894-3.01;BERNARDO.OLIVEIRA;20241213;BERNARDO.OLIVEIRA;20241213
Umburanas 13;20000;100% para Eólica Umburanas  13 S.A. (PIE);20190308;EOL.CV.BA.031752-7.01;BERNARDO.OLIVEIRA;20241213;BERNARDO.OLIVEIRA;20241213
União dos Ventos 16;28875;100% para Ventos Parazinhenses Geradora Eólica S.A (PIE);20191217;EOL.CV.RN.031652-0.01;BERNARDO.OLIVEIRA;20241213;BERNARDO.OLIVEIRA;20241213
Mundo Novo VII;40500;100% para SPE 3 – Central Eólica Mundo Novo S.A. (PIE);20240130;EOL.CV.RN.032404-3.01;BERNARDO.OLIVEIRA;20241213;BERNARDO.OLIVEIRA;20241213
Serra da Babilônia F;20400;100% para EÓLICA SDB F S.A. (PIE);20210803;EOL.CV.BA.040612-0.01;BERNARDO.OLIVEIRA;20241213;BERNARDO.OLIVEIRA;20241213
VENTOS SAO CAIO;35200;100% para VENTOS DE SAO CAIO ENERGIAS RENOVAVEIS S/A (PIE);20221028;EOL.CV.PI.048514-4.01;BERNARDO.OLIVEIRA;20241213;BERNARDO.OLIVEIRA;20241213
Ventos de Santa Joana III;29600;100% para VENTOS DE SANTA JOANA III ENERGIAS RENOVÁVEIS S.A (PIE);20160311;EOL.CV.PI.031580-0.01;BERNARDO.OLIVEIRA;20241213;BERNARDO.OLIVEIRA;20241213
Dreen Boa Vista;14000;100% para GE BOA VISTA S/A (PIE);20150225;EOL.CV.RN.030512-0.01;BERNARDO.OLIVEIRA;20241213;BERNARDO.OLIVEIRA;20241213
Aura Caetité 03;36000;100% para TANQUE NOVO VI ENERGIAS RENOVAVEIS S.A. (PIE);20230505;EOL.CV.BA.032804-9.01;BERNARDO.OLIVEIRA;20241213;BERNARDO.OLIVEIRA;20241213
Campo Largo II;29700;100% para CLWP EÓLICA PARQUE II S.A. (PIE);20181221;EOL.CV.BA.034633-0.01;BERNARDO.OLIVEIRA;20241213;BERNARDO.OLIVEIRA;20241213
Ventos de Santa Luzia 11;49500;100% para Ventos de São Canuto IV Energias Renováveis S.A. (PIE);20240509;EOL.CV.RN.051585-0.02;BERNARDO.OLIVEIRA;20241213;BERNARDO.OLIVEIRA;20241213
Vila Pará III;24000;100% para USINA DE ENERGIA EÓLICA VILA PARÁ III SPE S.A. (PIE);20161007;EOL.CV.RN.031765-9.01;BERNARDO.OLIVEIRA;20241213;BERNARDO.OLIVEIRA;20241213
Arapapá;4000;100% para Companhia Hidro Elétrica do São Francisco (PIE);20191121;EOL.CV.BA.031434-0.01;BERNARDO.OLIVEIRA;20241213;BERNARDO.OLIVEIRA;20241213
Ventos de São Zacarias 06;45600;100% para VENTOS DE SAO ZACARIAS 06 ENERGIAS RENOVAVEIS S.A. (PIE);20241002;EOL.CV.PI.038131-4.01;BERNARDO.OLIVEIRA;20241213;BERNARDO.OLIVEIRA;20241213
Canoas 3;24260;100% para CANOAS 3 ENERGIA RENOVÁVEL S.A. (PIE);20211231;EOL.CV.PB.037952-2.01;BERNARDO.OLIVEIRA;20241213;BERNARDO.OLIVEIRA;20241213
Ventos de Vila Acre II;31185;100% para VENTOS DE VILA ACRE II SPE S.A (PIE);20191224;EOL.CV.RN.033753-6.01;BERNARDO.OLIVEIRA;20241213;BERNARDO.OLIVEIRA;20241213
Santa Clara IV;30000;100% para SANTA CLARA IV ENERGIAS RENOVÁVEIS LTDA (PIE);20140329;EOL.CV.RN.030307-0.01;BERNARDO.OLIVEIRA;20241213;BERNARDO.OLIVEIRA;20241213
Carcará;10000;100% para Companhia Hidro Elétrica do São Francisco (PIE);20200214;EOL.CV.BA.031447-1.01;BERNARDO.OLIVEIRA;20241213;BERNARDO.OLIVEIRA;20241213
Ventos de São Roque 01;49500;100% para ENEL GREEN POWER VENTOS DE SÃO ROQUE 01 S.A. (PIE);20221011;EOL.CV.PI.038103-9.01;BERNARDO.OLIVEIRA;20241213;BERNARDO.OLIVEIRA;20241213
Serra das Vacas A;45000;100% para EÓLICA SERRA DAS VACAS IX S.A (PIE);20240402;EOL.CV.PE.049353-8.01;BERNARDO.OLIVEIRA;20241213;BERNARDO.OLIVEIRA;20241213
Dreen Cutia;23100;100% para USINA DE ENERGIA EÓLICA CUTIA S/A (PIE);20181222;EOL.CV.RN.030701-7.01;BERNARDO.OLIVEIRA;20241213;BERNARDO.OLIVEIRA;20241213
Serra da Babilônia B;31800;100% para Eólica SDB B S.A. (PIE);20210517;EOL.CV.BA.040608-2.01;BERNARDO.OLIVEIRA;20241213;BERNARDO.OLIVEIRA;20241213
Serra da Babilônia VII;28200;100% para EÓLICA SERRA DA BABILÔNIA VII S.A (PIE);20181212;EOL.CV.BA.032467-1.01;BERNARDO.OLIVEIRA;20241213;BERNARDO.OLIVEIRA;20241213
Ventos de Santa Leia 02;67500;100% para VENTOS DE SÃO LUIGI ENERGIAS RENOVÁVEIS S.A. (PIE);20230630;EOL.CV.RN.033681-5.01;BERNARDO.OLIVEIRA;20241213;BERNARDO.OLIVEIRA;20241213
Canoa Quebrada;57000;100% para CPFL ENERGIAS RENOVÁVEIS S.A. (PIE);20100126;EOL.CV.CE.028788-1.01;BERNARDO.OLIVEIRA;20241213;BERNARDO.OLIVEIRA;20241213
Asa Branca III;27000;100% para NOVA ASA BRANCA III ENERGIAS RENOVÁVEIS S.A (PIE);20150904;EOL.CV.RN.030548-0.01;BERNARDO.OLIVEIRA;20241213;BERNARDO.OLIVEIRA;20241213
Santo Antônio;3000;100% para Santo Antônio Energia Eólica S.A. (PIE);20110708;EOL.CV.SC.029053-0.01;BERNARDO.OLIVEIRA;20241213;BERNARDO.OLIVEIRA;20241213
Cristalândia I;30000;100% para ENEL GREEN POWER CRISTALANDIA I EOLICA S.A (PIE);20170901;EOL.CV.BA.032081-1.01;BERNARDO.OLIVEIRA;20241213;BERNARDO.OLIVEIRA;20241213
Lanchinha;28000;100% para Gestamp Eólica Lanchinha S.A. (PIE);20160219;EOL.CV.RN.030860-9.01;BERNARDO.OLIVEIRA;20241213;BERNARDO.OLIVEIRA;20241213
Jerusalém VI;33600;100% para CENTRAL EOLICA JERUSALEM VI S.A. (PIE);20230119;EOL.CV.RN.037299-4.01;BERNARDO.OLIVEIRA;20241213;BERNARDO.OLIVEIRA;20241213
Delta 5 II;27000;100% para DELTA 5 II ENERGIA S.A. (PIE);20181228;EOL.CV.MA.037972-7.01;BERNARDO.OLIVEIRA;20241213;BERNARDO.OLIVEIRA;20241213
Parque Eólico dos Índios 2;29900;100% para Ventos dos Índios Energia S.A (PIE);20141216;EOL.CV.RS.030734-3.01;BERNARDO.OLIVEIRA;20241213;BERNARDO.OLIVEIRA;20241213
Aura Lagoa do Barro 04;27000;100% para Lagoa do Barro IV Energias Renováveis S.A (PIE);20181228;EOL.CV.PI.033620-3.01;BERNARDO.OLIVEIRA;20241213;BERNARDO.OLIVEIRA;20241213
Quatro Ventos;22500;100% para EOLICA QUATRO VENTOS S.A (PIE);20230704;EOL.CV.PE.031809-4.01;BERNARDO.OLIVEIRA;20241213;BERNARDO.OLIVEIRA;20241213
Ubatuba;12600;100% para Energia dos Ventos II S.A. (PIE);20181222;EOL.CV.CE.030918-4.01;BERNARDO.OLIVEIRA;20241213;BERNARDO.OLIVEIRA;20241213
Serrote I;25200;100% para SERROTE I GERAÇÃO DE ENERGIA ELÉTRICA S.A (PIE);20210112;EOL.CV.CE.040878-6.01;BERNARDO.OLIVEIRA;20241213;BERNARDO.OLIVEIRA;20241213
Seraíma;30240;100% para Centrais Eólicas Seraima S.A (PIE);20141011;EOL.CV.BA.030546-4.01;BERNARDO.OLIVEIRA;20241213;BERNARDO.OLIVEIRA;20241213
Aroeira 7;47300;100% para Enel Green Power Aroeira 07 S.A. (PIE);20231219;EOL.CV.BA.044952-0.01;BERNARDO.OLIVEIRA;20241213;BERNARDO.OLIVEIRA;20241213
Serra do Vento;31185;100% para SERRA DO VENTO ENERGÉTICA S.A. (PIE);20201119;EOL.CV.BA.035229-2.01;BERNARDO.OLIVEIRA;20241213;BERNARDO.OLIVEIRA;20241213
Testa Branca I;22000;100% para TESTA BRANCA I ENERGIA S.A. (PIE);20160923;EOL.CV.PI.031666-0.01;BERNARDO.OLIVEIRA;20241213;BERNARDO.OLIVEIRA;20241213
Ventos de São Vitor 13;31000;100% para Ventos de São Vítor 13 Energias Renováveis S.A. (PIE);20230718;EOL.CV.BA.034850-3.01;BERNARDO.OLIVEIRA;20241213;BERNARDO.OLIVEIRA;20241213
Ventos de Santa Angela 04;31500;100% para ENEL GREEN POWER VENTOS DE SANTA ANGELA 4 S.A. (PIE);20201112;EOL.CV.PI.033008-6.01;BERNARDO.OLIVEIRA;20241213;BERNARDO.OLIVEIRA;20241213
Ventos de Santo Augusto VI;29900;100% para Ventos de Santo Augusto VI Energias Renováveis S.A (PIE);20170324;EOL.CV.PI.031766-7.01;BERNARDO.OLIVEIRA;20241213;BERNARDO.OLIVEIRA;20241213
Dunas de Paracuru;42000;100% para VENTOS BRASIL GERAÇÃO E COMERCIALIZAÇÃO DE ENERGIA ELÉTRICA S.A. (PIE);20121222;EOL.CV.CE.030299-6.01;BERNARDO.OLIVEIRA;20241213;BERNARDO.OLIVEIRA;20241213
Taboquinha;21600;100% para Centrais Eólicas Taboquinha S.A. (PIE);20220608;EOL.CV.BA.031406-4.01;BERNARDO.OLIVEIRA;20241213;BERNARDO.OLIVEIRA;20241213
Ventos de Santa Ângela 18;31500;100% para ENEL GREEN POWER VENTOS DE SANTA ÂNGELA ACL 18 S.A (PIE);20210313;EOL.CV.PI.033022-1.01;BERNARDO.OLIVEIRA;20241213;BERNARDO.OLIVEIRA;20241213
Ventos de Santa Joana II;30000;100% para Ventos de Santa Joana II Energias Renováveis S.A. (PIE);20151218;EOL.CV.PI.031361-0.01;BERNARDO.OLIVEIRA;20241213;BERNARDO.OLIVEIRA;20241213
Baixa do Feijão I;30000;100% para Central Eólica Baixa do Feijão I S.A (PIE);20160521;EOL.CV.RN.030932-0.01;BERNARDO.OLIVEIRA;20241213;BERNARDO.OLIVEIRA;20241213
Teiú 3;23500;100% para EÓLICA PINDAÍ IV GERAÇÃO DE ENERGIA LTDA (PIE);20211204;EOL.CV.BA.037093-2.01;BERNARDO.OLIVEIRA;20241213;BERNARDO.OLIVEIRA;20241213
Da Prata;21840;100% para Centrais Eólicas da Prata S.A (PIE);20141011;EOL.CV.BA.030490-5.01;BERNARDO.OLIVEIRA;20241213;BERNARDO.OLIVEIRA;20241213
Ventos de São Clemente 3;31365;100% para Ventos de São Clemente III Energias Renováveis S.A (PIE);20160525;EOL.CV.PE.031820-5.01;BERNARDO.OLIVEIRA;20241213;BERNARDO.OLIVEIRA;20241213
Anemus Wind 3;54600;100% para Anemus Wind 3 Participações S.A. (PIE);20240521;EOL.CV.RN.051067-0.01;BERNARDO.OLIVEIRA;20241213;BERNARDO.OLIVEIRA;20241213
Ventos de São Roque 26;45600;100% para ENEL GREEN POWER VENTOS DE SAO ROQUE 26 S.A. (PIE);20240228;EOL.CV.PI.038120-9.01;BERNARDO.OLIVEIRA;20241213;BERNARDO.OLIVEIRA;20241213
Lagoa 3;34650;100% para LAGOA 3 ENERGIA RENOVÁVEL S.A (PIE);20211218;EOL.CV.PB.038029-6.01;BERNARDO.OLIVEIRA;20241213;BERNARDO.OLIVEIRA;20241213
Cajuína A5 (Antiga Ventos de Santa Tereza 10);51300;100% para VENTOS DE SANTA TEREZA 10 ENERGIAS RENOVAVEIS S.A. (PIE);20230713;EOL.CV.RN.047244-1.01;BERNARDO.OLIVEIRA;20241213;BERNARDO.OLIVEIRA;20241213
Estrela;29700;100% para CENTRAL EOLICA ESTRELA S.A. (PIE);20170318;EOL.CV.CE.032010-2.01;BERNARDO.OLIVEIRA;20241213;BERNARDO.OLIVEIRA;20241213
Pau Santo;18900;100% para Centrais Eólicas Unha D’anta S.A. (PIE);20220322;EOL.CV.BA.032363-2.01;BERNARDO.OLIVEIRA;20241213;BERNARDO.OLIVEIRA;20241213
Umburanas 15;20000;100% para Eólica Umburanas  15 S.A. (PIE);20190406;EOL.CV.BA.031754-3.01;BERNARDO.OLIVEIRA;20241213;BERNARDO.OLIVEIRA;20241213
Ventos de Santa Brígida VI;28900;100% para Ventos de Santa Brígida VI Energias Renováveis S.A (PIE);20151225;EOL.CV.PE.031353-0.01;BERNARDO.OLIVEIRA;20241213;BERNARDO.OLIVEIRA;20241213
Icaraí II;37800;100% para CENTRAL GERADORA EOLICA ICARAI II S.A. (PIE);20140328;EOL.CV.CE.030356-9.01;BERNARDO.OLIVEIRA;20241213;BERNARDO.OLIVEIRA;20241213
SANTO ANTERO;48400;100% para VENTOS DE SANTO ANTERO ENERGIAS RENOVAVEIS S.A (PIE);20220714;EOL.CV.PE.035249-7.01;BERNARDO.OLIVEIRA;20241213;BERNARDO.OLIVEIRA;20241213
Ventos de Santa Joana V;28900;100% para Ventos de Santa Joana V Energias Renováveis S.A (PIE);20160122;EOL.CV.PI.031538-9.01;BERNARDO.OLIVEIRA;20241213;BERNARDO.OLIVEIRA;20241213
Serra do Seridó XVI;46400;100% para PARQUE EOLICO SERRA DO SERIDO XVI S.A. (PIE);20240612;EOL.CV.PB.051574-4.1;BERNARDO.OLIVEIRA;20241213;BERNARDO.OLIVEIRA;20241213
São Miguel III;21000;100% para CENTRAL GERADORA EÓLICA SÃO MIGUEL III S/A (PIE);20190214;EOL.CV.RN.033647-5.01;BERNARDO.OLIVEIRA;20241213;BERNARDO.OLIVEIRA;20241213
Ventos de Santa Luzia 13;54000;100% para Ventos de São Jeremias Energias Renováveis S.A. (PIE);20240322;EOL.CV.RN.051587-6.02;BERNARDO.OLIVEIRA;20241213;BERNARDO.OLIVEIRA;20241213
Campo Largo I;29700;100% para CLWP EÓLICA PARQUE I S.A. (PIE);20180921;EOL.CV.BA.034613-6.01;BERNARDO.OLIVEIRA;20241213;BERNARDO.OLIVEIRA;20241213
Ventos de Santa Esperança 21;46200;100% para ENEL GREEN POWER VENTOS DE SANTA ESPERANÇA 21 S.A. (PIE);20211113;EOL.CV.BA.034511-3.01;BERNARDO.OLIVEIRA;20241213;BERNARDO.OLIVEIRA;20241213
Cabeço Preto IV;19800;100% para Gestamp Eólica Moxotó S.A (PIE);20120504;EOL.CV.RN.030501-4.01;BERNARDO.OLIVEIRA;20241213;BERNARDO.OLIVEIRA;20241213
São Cristovão;26000;100% para Central Eólica São Cristóvão S.A (PIE);20141111;EOL.CV.CE.030912-5.01;BERNARDO.OLIVEIRA;20241213;BERNARDO.OLIVEIRA;20241213
Atlântica V;30000;100% para Atlântica V Parque Eólico S.A (PIE);20131114;EOL.CV.RS.030480-8.01;BERNARDO.OLIVEIRA;20241213;BERNARDO.OLIVEIRA;20241213
Facheio;16200;100% para Centrais Eólicas Facheio S.A. (PIE);20220823;EOL.CV.BA.032101-0.01;BERNARDO.OLIVEIRA;20241213;BERNARDO.OLIVEIRA;20241213
Ventos de São Vicente 12;29400;100% para Ventos de São Casimiro Energias Renováveis S.A. (PIE);20170829;EOL.CV.PI.033140-6.01;BERNARDO.OLIVEIRA;20241213;BERNARDO.OLIVEIRA;20241213
Oeste Serido IX;22500;100% para CENTRAL GERADORA EÓLICA SERIDÓ IX S.A. (PIE);20231228;EOL.CV.RN.047162-3.01;BERNARDO.OLIVEIRA;20241213;BERNARDO.OLIVEIRA;20241213
Riachão I;29700;100% para Central Geradora Eolica Acari S.A. (PIE);20150627;EOL.CV.RN.030870-6.01;BERNARDO.OLIVEIRA;20241213;BERNARDO.OLIVEIRA;20241213
Galpões;8000;100% para Companhia De Geração e Transmissão de Energia Elétrica do Sul do Brasil - ELETROBRAS CGT ELETROSUL (PIE);20151216;EOL.CV.RS.031477-3.01;BERNARDO.OLIVEIRA;20241213;BERNARDO.OLIVEIRA;20241213
Serra do Assuruá 1;45000;100% para EÓLICA SERRA DO ASSURUÁ 1 LTDA. (PIE);;EOL.CV.BA.049371-6.01;BERNARDO.OLIVEIRA;20241213;BERNARDO.OLIVEIRA;20241213
Calango 4;30000;100% para CALANGO 4 ENERGIA RENOVÁVEL S/A. (PIE);20160130;EOL.CV.RN.030537-5.01;BERNARDO.OLIVEIRA;20241213;BERNARDO.OLIVEIRA;20241213
Esperança do Nordeste;27300;100% para USINA DE ENERGIA EÓLICA ESPERANÇA DO NORDESTE S/A (PIE);20181229;EOL.CV.RN.032354-3.01;BERNARDO.OLIVEIRA;20241213;BERNARDO.OLIVEIRA;20241213
Gameleira;17750;100% para SPE GAMELEIRA ENERGIA S.A. (PIE);20210806;EOL.CV.RN.038006-7.01;BERNARDO.OLIVEIRA;20241213;BERNARDO.OLIVEIRA;20241213
Vila Espírito Santo V (Antiga Potiguar B25);37800;100% para VILA ESPÍRITO SANTO V EMPREENDIMENTOS E PARTICIPAÇÕES S.A (PIE);20211231;EOL.CV.RN.040598-1.01;BERNARDO.OLIVEIRA;20241213;BERNARDO.OLIVEIRA;20241213
AW Santa Regia;37800;100% para EÓLICA DO AGRESTE POTIGUAR II S.A. (PIE);20230913;EOL.CV.RN.032194-0.01;BERNARDO.OLIVEIRA;20241213;BERNARDO.OLIVEIRA;20241213
Asa Branca I;27000;100% para NOVA ASA BRANCA I ENERGIAS RENOVÁVEIS S.A (PIE);20150805;EOL.CV.RN.030505-7.01;BERNARDO.OLIVEIRA;20241213;BERNARDO.OLIVEIRA;20241213
São Domingos;25200;100% para São Domingos Energias Renováveis S.A. (PIE);20160827;EOL.CV.RN.032215-6.01;BERNARDO.OLIVEIRA;20241213;BERNARDO.OLIVEIRA;20241213
Aquibatã;30000;100% para AQUIBATÃ ENERGIA EÓLICA S.A. (PIE);20111213;EOL.CV.SC.029052-1.01;BERNARDO.OLIVEIRA;20241213;BERNARDO.OLIVEIRA;20241213
Cristalândia III;30000;100% para Enel Green Power Cristalandia II Eólica S.A. (PIE);20170901;EOL.CV.BA.032083-8.01;BERNARDO.OLIVEIRA;20241213;BERNARDO.OLIVEIRA;20241213
Ventos de São Januário 04;29400;100% para PARQUE EÓLICO VENTOS DE SÃO JANUÁRIO 04 S.A (PIE);20200915;EOL.CV.BA.032641-0.01;BERNARDO.OLIVEIRA;20241213;BERNARDO.OLIVEIRA;20241213
Coqueiros;27000;100% para Nova Eólica Coqueiro S.A. (PIE);20141107;EOL.CV.CE.030282-1.01;BERNARDO.OLIVEIRA;20241213;BERNARDO.OLIVEIRA;20241213
Angical 2;10000;100% para Companhia Hidro Elétrica do São Francisco (PIE);20190917;EOL.CV.BA.031435-8.01;BERNARDO.OLIVEIRA;20241213;BERNARDO.OLIVEIRA;20241213
Macambira I;18000;100% para Gestamp Eólica Macambira I S.A (PIE);20160714;EOL.CV.RN.031025-5.01;BERNARDO.OLIVEIRA;20241213;BERNARDO.OLIVEIRA;20241213
Vila Espírito Santo IV (Antiga Potiguar B24);37800;100% para VILA ESPÍRITO SANTO IV EMPREENDIMENTOS E PARTICIPAÇÕES S.A (PIE);20220225;EOL.CV.RN.040597-3.01;BERNARDO.OLIVEIRA;20241213;BERNARDO.OLIVEIRA;20241213
Serrote IV;16800;100% para SERROTE IV GERAÇÃO DE ENERGIA ELÉTRICA S.A (PIE);20210112;EOL.CV.CE.040881-6.01;BERNARDO.OLIVEIRA;20241213;BERNARDO.OLIVEIRA;20241213
Ventos da Bahia I;28600;100% para PARQUE EÓLICO VENTOS DA BAHIA I S.A. (PIE);20180907;EOL.CV.BA.032526-0.01;BERNARDO.OLIVEIRA;20241213;BERNARDO.OLIVEIRA;20241213
Mandacaru;4950;100% para Eólica Gravatá - Geradora de Energia S.A. (PIE);20100424;EOL.CV.PE.029015-7.01;BERNARDO.OLIVEIRA;20241213;BERNARDO.OLIVEIRA;20241213
Ventos de Santa Leia 13;66100;100% para VENTOS DE SÃO LUDGERO ENERGIAS RENOVÁVEIS S.A. (PIE);20230622;EOL.CV.RN.045011-1.01;BERNARDO.OLIVEIRA;20241213;BERNARDO.OLIVEIRA;20241213
Itarema VI;24000;100% para Eólica Itarema VI S.A. (PIE);20160727;EOL.CV.CE.031815-9.01;BERNARDO.OLIVEIRA;20241213;BERNARDO.OLIVEIRA;20241213
Tamanduá Mirim;29600;100% para CENTRAL EÓLICA TAMANDUÁ MIRIM S.A (PIE);20160216;EOL.CV.BA.030753-0.01;BERNARDO.OLIVEIRA;20241213;BERNARDO.OLIVEIRA;20241213
Abil;23700;100% para CENTRAIS EÓLICAS ABIL S.A. (PIE);20220210;EOL.CV.BA.031402-1.01;BERNARDO.OLIVEIRA;20241213;BERNARDO.OLIVEIRA;20241213
Ventos de Santa Angela 06;31500;100% para ENEL GREEN POWER VENTOS DE SANTA ÂNGELA 6 S.A. (PIE);20201230;EOL.CV.PI.033010-8.01;BERNARDO.OLIVEIRA;20241213;BERNARDO.OLIVEIRA;20241213
Rei dos Ventos 3;56780;100% para Rei dos Ventos 3 Geradora de Energia S.A (PIE);20140201;EOL.CV.RN.030417-4.01;BERNARDO.OLIVEIRA;20241213;BERNARDO.OLIVEIRA;20241213
Xangri-lá;31700;100% para HONDA ENERGY DO BRASIL LTDA. (PIE);20141211;EOL.CV.RS.031302-5.01;BERNARDO.OLIVEIRA;20241213;BERNARDO.OLIVEIRA;20241213
Ventos de Santa Joana VIII;30000;100% para Ventos de Santa Joana VIII Energias Renováveis S.A (PIE);20151218;EOL.CV.PI.031366-1.01;BERNARDO.OLIVEIRA;20241213;BERNARDO.OLIVEIRA;20241213
Santo Agostinho 18;31000;100% para Eólica Santo Agostinho 18 S.A. (PIE);20240405;EOL.CV.RN.033872-9.01;BERNARDO.OLIVEIRA;20241213;BERNARDO.OLIVEIRA;20241213
Boa Esperança I;30800;100% para EÓLICA BOA ESPERANÇA I S.A. (PIE);20190105;EOL.CV.RN.033666-1.01;BERNARDO.OLIVEIRA;20241213;BERNARDO.OLIVEIRA;20241213
Ventos do Nordeste;23520;100% para Centrais Eólicas Ventos do Nordeste S.A (PIE);20141011;EOL.CV.BA.030476-0.01;BERNARDO.OLIVEIRA;20241213;BERNARDO.OLIVEIRA;20241213
Serra das Vacas V;25300;100% para Eólica Serra das Vacas V S.A. (PIE);20171201;EOL.CV.PE.032360-8.01;BERNARDO.OLIVEIRA;20241213;BERNARDO.OLIVEIRA;20241213
Caravela;4500;100% para Vale dos Ventos Geradora Eólica S.A (PIE);20090131;EOL.CV.PB.029089-0.01;BERNARDO.OLIVEIRA;20241213;BERNARDO.OLIVEIRA;20241213
Potiguar B 31;45045;100% para EOL POTIGUAR B31 SPE S.A. (PIE);20210420;EOL.CV.RN.040600-7.01;BERNARDO.OLIVEIRA;20241213;BERNARDO.OLIVEIRA;20241213
Água Doce;9000;100% para CENAEEL - Central Nacional de Energia Eólica S.A. (PIE);20060907;EOL.CV.SC.028793-8.01;BERNARDO.OLIVEIRA;20241213;BERNARDO.OLIVEIRA;20241213
Ventos de São Vitor 5;31000;100% para Ventos de São Vítor 05 Energias Renováveis S.A. (PIE);20240109;EOL.CV.BA.034829-5.01;BERNARDO.OLIVEIRA;20241213;BERNARDO.OLIVEIRA;20241213
Ventos de Santo Onofre IV;27600;100% para Ventos de Santo Onofre IV Energias Renováveis S.A. (PIE);20170614;EOL.CV.PI.032366-7.01;BERNARDO.OLIVEIRA;20241213;BERNARDO.OLIVEIRA;20241213
Cajuína B9 (Antiga Ventos de São Ricardo 11);34200;100% para VENTOS DE SAO RICARDO 11 ENERGIAS RENOVAVEIS S.A. (PIE);20230923;EOL.CV.RN.049180-2.01;BERNARDO.OLIVEIRA;20241213;BERNARDO.OLIVEIRA;20241213
União dos Ventos 7;14400;100% para Campina Potiguar Geradora Eólica S.A (PIE);20140405;EOL.CV.RN.030568-5.01;BERNARDO.OLIVEIRA;20241213;BERNARDO.OLIVEIRA;20241213
Verace I;20000;100% para Omega Geração S.A. (PIE);20150224;EOL.CV.RS.030745-9.01;BERNARDO.OLIVEIRA;20241213;BERNARDO.OLIVEIRA;20241213
Vaqueta;23400;100% para Centrais Eólicas Vaqueta S.A. (PIE);20220210;EOL.CV.BA.031424-2.01;BERNARDO.OLIVEIRA;20241213;BERNARDO.OLIVEIRA;20241213
Jandaia;27000;100% para ENERGIA DOS VENTOS VII S.A (PIE);20200530;EOL.CV.CE.030929-0.01;BERNARDO.OLIVEIRA;20241213;BERNARDO.OLIVEIRA;20241213
Vila Sergipe I;37800;100% para VILA SERGIPE 1 EMPREENDIMENTOS E PARTICIPAÇÕES S.A. (PIE);20200527;EOL.CV.RN.038142-0.01;BERNARDO.OLIVEIRA;20241213;BERNARDO.OLIVEIRA;20241213
Umburanas 19;25000;100% para Eólica Umburanas  19 S.A. (PIE);20190222;EOL.CV.BA.033635-1.01;BERNARDO.OLIVEIRA;20241213;BERNARDO.OLIVEIRA;20241213
Umburana de Cheiro;31185;100% para UMBURANA DE CHEIRO ENERGÉTICA S.A. (PIE);20201231;EOL.CV.BA.035233-0.01;BERNARDO.OLIVEIRA;20241213;BERNARDO.OLIVEIRA;20241213
Tucano II;24800;100% para TUCANO F2 GERACAO DE ENERGIAS SPE S.A. (PIE);20230823;EOL.CV.BA.032567-8.01;BERNARDO.OLIVEIRA;20241213;BERNARDO.OLIVEIRA;20241213
Eurus III;30000;100% para DESA Eurus III S.A (PIE);20141203;EOL.CV.RN.030504-9.01;BERNARDO.OLIVEIRA;20241213;BERNARDO.OLIVEIRA;20241213
Taíba Albatroz;16500;100% para CPFL ENERGIAS RENOVÁVEIS S.A. (PIE);20081119;EOL.CV.CE.028858-6.01;BERNARDO.OLIVEIRA;20241213;BERNARDO.OLIVEIRA;20241213
Ventos de Santa Esperança 25;25200;100% para ENEL GREEN POWER VENTOS DE SANTA ESPERANCA 25 S.A (PIE);20211231;EOL.CV.BA.034513-0.01;BERNARDO.OLIVEIRA;20241213;BERNARDO.OLIVEIRA;20241213
Tacaicó;18800;100% para Enel Green Power Tacaicó Eólica S.A (PIE);20150204;EOL.CV.PE.030789-0.01;BERNARDO.OLIVEIRA;20241213;BERNARDO.OLIVEIRA;20241213
Cajuina B13 (Antiga Ventos de São Ricardo 10);45600;100% para VENTOS DE SAO RICARDO 10 ENERGIAS RENOVAVEIS S.A. (PIE);20240409;EOL.CV.RN.049179-9.01;BERNARDO.OLIVEIRA;20241213;BERNARDO.OLIVEIRA;20241213
Ouro Verde;29700;100% para CENTRAL EOLICA OURO VERDE SPE S.A. (PIE);20170406;EOL.CV.CE.032012-9.01;BERNARDO.OLIVEIRA;20241213;BERNARDO.OLIVEIRA;20241213
REB Cassino III;22000;100% para EOL Brisa Energias Renováveis S.A (PIE);20150114;EOL.CV.RS.030468-9.01;BERNARDO.OLIVEIRA;20241213;BERNARDO.OLIVEIRA;20241213
Casa Nova II;32900;100% para Companhia Hidro Elétrica do São Francisco (PIE);20171209;EOL.CV.BA.031519-2.01;BERNARDO.OLIVEIRA;20241213;BERNARDO.OLIVEIRA;20241213
Ventos de Santa Angela 12;30000;100% para ENEL GREEN POWER VENTOS DE SANTA ÂNGELA ACL 12 S.A. (PIE);20210319;EOL.CV.PI.033016-7.01;BERNARDO.OLIVEIRA;20241213;BERNARDO.OLIVEIRA;20241213
Oeste Seridó VI;18000;100% para CENTRAL GERADORA EÓLICA SERIDÓ VI S.A. (PIE);20231229;EOL.CV.RN.047163-1.01;BERNARDO.OLIVEIRA;20241213;BERNARDO.OLIVEIRA;20241213
Baixa do Feijão III;30000;100% para Central Eólica Baixa do Feijão III S.A (PIE);20160521;EOL.CV.RN.030934-6.01;BERNARDO.OLIVEIRA;20241213;BERNARDO.OLIVEIRA;20241213
Ventos da Bahia XIV;33000;100% para PARQUE EÓLICO VENTOS DA BAHIA XIV S.A. (PIE);20211203;EOL.CV.BA.032536-8.01;BERNARDO.OLIVEIRA;20241213;BERNARDO.OLIVEIRA;20241213
VSROQUE11 953233;49500;100% para ENEL GREEN POWER VENTOS DE SAO ROQUE 11 S.A. (PIE);20221001;EOL.CV.PI.040629-5.01;BERNARDO.OLIVEIRA;20241213;BERNARDO.OLIVEIRA;20241213
Asa Branca VIII;32000;100% para Asa Branca VIII Energias Renováveis Ltda (PIE);20141206;EOL.CV.RN.030508-1.01;BERNARDO.OLIVEIRA;20241213;BERNARDO.OLIVEIRA;20241213
Itarema III;15000;100% para Eólica Itarema III S.A (PIE);20160406;EOL.CV.CE.031484-6.01;BERNARDO.OLIVEIRA;20241213;BERNARDO.OLIVEIRA;20241213
Ventos de São Januário 18;72000;100% para Ventos de Santa Justina Energias Renováveis S.A. (PIE);20221217;EOL.CV.BA.033549-5.01;BERNARDO.OLIVEIRA;20241213;BERNARDO.OLIVEIRA;20241213
Ventos de Vila Paraíba I (Antiga Vila Paraíba III);34650;100% para VENTOS DE VILA PARAÍBA I SPE S.A (PIE);20200528;EOL.CV.RN.036981-0.01;BERNARDO.OLIVEIRA;20241213;BERNARDO.OLIVEIRA;20241213
Santa Mônica;29400;100% para Santa Mônica Energias Renováveis S.A. (PIE);20161209;EOL.CV.RN.031427-7.01;BERNARDO.OLIVEIRA;20241213;BERNARDO.OLIVEIRA;20241213
Faísa II;27300;100% para EÓLICA FAÍSA II - GERAÇÃO E COMERCIALIZAÇÃO DE ENERGIA S.A. (PIE);20140731;EOL.CV.CE.030331-3.01;BERNARDO.OLIVEIRA;20241213;BERNARDO.OLIVEIRA;20241213
Jabuticaba;9000;100% para CENTRAIS EÓLICAS JABUTICABA S.A. (PIE);20220210;EOL.CV.BA.031405-6.01;BERNARDO.OLIVEIRA;20241213;BERNARDO.OLIVEIRA;20241213
Ventos de São Januário 14;42000;100% para PARQUE EÓLICO VENTOS DE SÃO JANUÁRIO 14 S.A (PIE);20200904;EOL.CV.BA.033533-9.01;BERNARDO.OLIVEIRA;20241213;BERNARDO.OLIVEIRA;20241213
Mar e Terra;23100;100% para Eólica Mar e Terra Geração e Comercialização de Energia S.A (PIE);20140218;EOL.CV.RN.030389-5.01;BERNARDO.OLIVEIRA;20241213;BERNARDO.OLIVEIRA;20241213
Itarema V;21000;100% para Eólica Itarema V S.A (PIE);20160101;EOL.CV.CE.031482-0.01;BERNARDO.OLIVEIRA;20241213;BERNARDO.OLIVEIRA;20241213
Aura Mirim II;30000;100% para SANTA VITORIA DO PALMAR XII ENERGIAS RENOVAVEIS S.A. (PIE);20161227;EOL.CV.RS.031806-0.01;BERNARDO.OLIVEIRA;20241213;BERNARDO.OLIVEIRA;20241213
Serra do Assuruá 24;27000;100% para Eólica Serra do Assuruá 24 Ltda (PIE);20240828;EOL.CV.BA.049397-0.01;BERNARDO.OLIVEIRA;20241213;BERNARDO.OLIVEIRA;20241213
Laranjeiras II;30000;100% para Parque Eólico Laranjeiras II S.A (PIE);20180413;EOL.CV.BA.032350-0.01;BERNARDO.OLIVEIRA;20241213;BERNARDO.OLIVEIRA;20241213
Assuruá VII;18000;100% para Parque Eólico Assuruá VII S.A (PIE);20160405;EOL.CV.BA.031356-4.01;BERNARDO.OLIVEIRA;20241213;BERNARDO.OLIVEIRA;20241213
Dourados;28560;100% para CENTRAIS EÓLICAS DOURADOS S.A (PIE);20150304;EOL.CV.BA.030778-5.01;BERNARDO.OLIVEIRA;20241213;BERNARDO.OLIVEIRA;20241213
Ventos da Bahia IX;28600;100% para PARQUE EÓLICO VENTOS DA BAHIA IX S.A. (PIE);20180912;EOL.CV.BA.032531-7.01;BERNARDO.OLIVEIRA;20241213;BERNARDO.OLIVEIRA;20241213
Ventos de Arapuá 3;13860;100% para VENTOS DE ARAPUÁ 3 ENERGIA RENOVÁVEL S.A. (PIE);20211111;EOL.CV.PB.035242-0.01;BERNARDO.OLIVEIRA;20241213;BERNARDO.OLIVEIRA;20241213
Pirauá;4250;100% para Eólica Pirauá Geradora de Energia S.A. (PIE);20100505;EOL.CV.PE.028481-5.01;BERNARDO.OLIVEIRA;20241213;BERNARDO.OLIVEIRA;20241213
Amparo;22500;100% para Amparo Energia Eólica S.A. (PIE);20111224;EOL.CV.SC.029069-6.01;BERNARDO.OLIVEIRA;20241213;BERNARDO.OLIVEIRA;20241213
Corrupião;27750;100% para Central Eólica Corrupião S.A (PIE);20160205;EOL.CV.BA.030752-1.01;BERNARDO.OLIVEIRA;20241213;BERNARDO.OLIVEIRA;20241213
Bons Ventos Cacimbas 4;10500;100% para GERADORA EÓLICA BONS VENTOS DA SERRA 2 S.A (PIE);20180518;EOL.CV.CE.031621-0.01;BERNARDO.OLIVEIRA;20241213;BERNARDO.OLIVEIRA;20241213
Monte Verde IV;46200;100% para CENTRAL EOLICA MONTE VERDE IV S.A (PIE);20230106;EOL.CV.RN.038035-0.01;BERNARDO.OLIVEIRA;20241213;BERNARDO.OLIVEIRA;20241213
Chuí 09;17900;100% para Omega Geração S.A. (PIE);20151022;EOL.CV.RS.031517-6.01;BERNARDO.OLIVEIRA;20241213;BERNARDO.OLIVEIRA;20241213
VTOS STA EUGENIA 02;11400;100% para OSLO II S/A. (PIE);20221223;EOL.CV.BA.038078-4.01;BERNARDO.OLIVEIRA;20241213;BERNARDO.OLIVEIRA;20241213
Ventos de Campo Formoso I;30000;100% para Campo Formoso I Energias Renováveis S.A (PIE);20160123;EOL.CV.BA.030943-5.01;BERNARDO.OLIVEIRA;20241213;BERNARDO.OLIVEIRA;20241213
Serrote VII;29400;100% para SERROTE VII GERAÇÃO DE ENERGIA ELÉTRICA S.A (PIE);20210517;EOL.CV.CE.040884-0.01;BERNARDO.OLIVEIRA;20241213;BERNARDO.OLIVEIRA;20241213
Ventos de Santa Luzia 04;40500;100% para VENTOS DE SÃO THOMAS ENERGIAS RENOVÁVEIS S.A. (PIE);20240416;EOL.CV.BA.049417-8.01;BERNARDO.OLIVEIRA;20241213;BERNARDO.OLIVEIRA;20241213
Assuruá 5 II;46400;100% para ASSURUA 5 II ENERGIA S.A. (PIE);20231011;EOL.CV.BA.051785-2.01;BERNARDO.OLIVEIRA;20241213;BERNARDO.OLIVEIRA;20241213
Ventos de Santa Regina;29700;100% para Central Geradora Eólica Boreas S.A. (PIE);20170719;EOL.CV.PI.031276-2.01;BERNARDO.OLIVEIRA;20241213;BERNARDO.OLIVEIRA;20241213
Camilo Pontes II (Antiga Renascença II);30000;100% para Energisa Geração – Central Eólica Renascença II S.A (PIE);20141224;EOL.CV.RN.030516-2.01;BERNARDO.OLIVEIRA;20241213;BERNARDO.OLIVEIRA;20241213
Parque Eólico dos Índios;50000;100% para Ventos do Sul Energia S.A (PIE);20061213;EOL.CV.RS.028864-0.01;BERNARDO.OLIVEIRA;20241213;BERNARDO.OLIVEIRA;20241213
Ventos de São Vitor 7;43400;100% para Ventos de São Vítor 07 Energias Renováveis S.A. (PIE);20231029;EOL.CV.BA.034838-4.01;BERNARDO.OLIVEIRA;20241213;BERNARDO.OLIVEIRA;20241213
Ventos de Santa Angela 14;42600;100% para ENEL GREEN POWER VENTOS DE SANTA ANGELA 14 S.A. (PIE);20201231;EOL.CV.PI.033018-3.01;BERNARDO.OLIVEIRA;20241213;BERNARDO.OLIVEIRA;20241213
Afonso Bezerra IV;16800;100% para AFONSO BEZERRA IV GERAÇÃO DE ENERGIA SPE S.A. (PIE);20220503;EOL.CV.RN.035161-0.01;BERNARDO.OLIVEIRA;20241213;BERNARDO.OLIVEIRA;20241213
Morro dos Ventos IV;28800;100% para Desa Morro dos Ventos IV S.A (PIE);20140329;EOL.CV.RN.030311-9.01;BERNARDO.OLIVEIRA;20241213;BERNARDO.OLIVEIRA;20241213
Ventos da Bahia XXIII;49500;100% para PARQUE EÓLICO VENTOS DA BAHIA XXIII S.A. (PIE);20220202;EOL.CV.BA.035234-9.01;BERNARDO.OLIVEIRA;20241213;BERNARDO.OLIVEIRA;20241213
Ventos de Santa Joana XIII;29600;100% para Ventos de Santa Joana XIII Energias Renováveis S.A (PIE);20150709;EOL.CV.PI.031394-7.01;BERNARDO.OLIVEIRA;20241213;BERNARDO.OLIVEIRA;20241213
Junco I;24000;100% para USINA DE ENERGIA EOLICA JUNCO I SPE S.A. (PIE);20151205;EOL.CV.RN.030902-8.02;BERNARDO.OLIVEIRA;20241213;BERNARDO.OLIVEIRA;20241213
Santo Agostinho 27;37200;100% para Eólica Santo Agostinho 27 S.A. (PIE);20231006;EOL.CV.RN.035216-0.01;BERNARDO.OLIVEIRA;20241213;BERNARDO.OLIVEIRA;20241213
Campo Largo XVII;29400;100% para CLWP EÓLICA PARQUE XVII S.A. (PIE);20210407;EOL.CV.BA.034638-1.01;BERNARDO.OLIVEIRA;20241213;BERNARDO.OLIVEIRA;20241213
Ventos de Santa Eugênia 09;39900;100% para OSLO V S/A. (PIE);20240221;EOL.CV.BA.038085-7.01;BERNARDO.OLIVEIRA;20241213;BERNARDO.OLIVEIRA;20241213
Mataraca;4500;100% para Vale dos Ventos Geradora Eólica S.A (PIE);20090114;EOL.CV.PB.029092-0.01;BERNARDO.OLIVEIRA;20241213;BERNARDO.OLIVEIRA;20241213
Santo Inácio IV;23100;100% para CENTRAL EOLICA SANTO INACIO IV S.A. (PIE);20171205;EOL.CV.CE.031866-3.01;BERNARDO.OLIVEIRA;20241213;BERNARDO.OLIVEIRA;20241213
Coxilha Negra 2;100800;100% para COMPANHIA DE GERACAO E TRANSMISSAO DE ENERGIA ELETRICA DO SUL DO BRASIL - ELETROBRAS CGT ELETROSUL (PIE);20240718;EOL.CV.RS.032236-9.01;BERNARDO.OLIVEIRA;20241213;BERNARDO.OLIVEIRA;20241213
União dos Ventos 2;22400;100% para Torres de Pedra Geradora Eólica S.A (PIE);20140405;EOL.CV.RN.030563-4.01;BERNARDO.OLIVEIRA;20241213;BERNARDO.OLIVEIRA;20241213
Delta 3 IV (Antiga Ventos Maranhenses 4);27600;100% para DELTA 3 IV ENERGIA S.A. (PIE);20170726;EOL.CV.MA.033685-8.01;BERNARDO.OLIVEIRA;20241213;BERNARDO.OLIVEIRA;20241213
Ibirapuitã I;25200;100% para EÓLICA IBIRAPUITÃ S.A. (PIE);20150827;EOL.CV.RS.030750-5.01;BERNARDO.OLIVEIRA;20241213;BERNARDO.OLIVEIRA;20241213
Ouro Branco 1;36000;100% para EOLICA OURO BRANCO 1 S.A (PIE);20221228;EOL.CV.PE.031807-8.01;BERNARDO.OLIVEIRA;20241213;BERNARDO.OLIVEIRA;20241213
Pedra Rajada II;20000;100% para GESTAMP EÓLICA PEDRA RAJADA II S.A. (PIE);20171207;EOL.CV.RN.032353-5.01;BERNARDO.OLIVEIRA;20241213;BERNARDO.OLIVEIRA;20241213
Vila Maranhão I;31950;100% para EOL POTIGUAR B141 SPE S.A (PIE);20210211;EOL.CV.RN.038325-2.01;BERNARDO.OLIVEIRA;20241213;BERNARDO.OLIVEIRA;20241213
Laranjeiras IX;25000;100% para Parque Eólico Laranjeiras IX S.A. (PIE);20190424;EOL.CV.BA.033627-0.01;BERNARDO.OLIVEIRA;20241213;BERNARDO.OLIVEIRA;20241213
Baraúnas II;25850;100% para Baraúnas II Energética S.A (PIE);20160311;EOL.CV.BA.031667-9.01;BERNARDO.OLIVEIRA;20241213;BERNARDO.OLIVEIRA;20241213
Tucano X;43400;100% para TUCANO F1 GERACAO DE ENERGIAS SPE S.A. (PIE);20230131;EOL.CV.BA.032584-8.01;BERNARDO.OLIVEIRA;20241213;BERNARDO.OLIVEIRA;20241213
Atlântica;4500;100% para Vale dos Ventos Geradora Eólica S.A (PIE);20090117;EOL.CV.PB.029088-2.01;BERNARDO.OLIVEIRA;20241213;BERNARDO.OLIVEIRA;20241213
União dos Ventos 9;11200;100% para Ilha dos Ventos Geradora Eólica S.A (PIE);20140405;EOL.CV.RN.030570-7.01;BERNARDO.OLIVEIRA;20241213;BERNARDO.OLIVEIRA;20241213
Aventura III;25200;100% para CENTRAL EÓLICA AVENTURA III S.A. (PIE);20210708;EOL.CV.RN.033026-4.01;BERNARDO.OLIVEIRA;20241213;BERNARDO.OLIVEIRA;20241213
Faísa IV;25200;100% para EÓLICA FAÍSA IV - GERAÇÃO E COMERCIALIZAÇÃO DE ENERGIA S.A. (PIE);20140329;EOL.CV.CE.030329-1.01;BERNARDO.OLIVEIRA;20241213;BERNARDO.OLIVEIRA;20241213
Serra do Mato V;21000;100% para EÓLICA SERRA DO MATO V ENERGY S.A (PIE);20211130;EOL.CV.CE.032453-1.01;BERNARDO.OLIVEIRA;20241213;BERNARDO.OLIVEIRA;20241213
Chuí IV;22000;100% para Omega Geração S.A. (PIE);20150609;EOL.CV.RS.030754-8.01;BERNARDO.OLIVEIRA;20241213;BERNARDO.OLIVEIRA;20241213
Ventos do São Paulo;28000;100% para ENEL GREEN POWER MORRO DO CHAPEU I EOLICA S.A (PIE);20180629;EOL.CV.BA.033652-1.01;BERNARDO.OLIVEIRA;20241213;BERNARDO.OLIVEIRA;20241213
Oitis 10;49500;100% para OITIS 10 ENERGIA RENOVÁVEL S.A. (PIE);20230713;EOL.CV.PI.044358-1.01;BERNARDO.OLIVEIRA;20241213;BERNARDO.OLIVEIRA;20241213
Itarema I;27000;100% para Eólica Itarema I S.A. (PIE);20160401;EOL.CV.CE.031485-4.01;BERNARDO.OLIVEIRA;20241213;BERNARDO.OLIVEIRA;20241213
Aura Mangueira XV;18000;100% para Santa Vitória do Palmar VI Energias Renováveis S.A (PIE);20170325;EOL.CV.RS.031647-4.01;BERNARDO.OLIVEIRA;20241213;BERNARDO.OLIVEIRA;20241213
Ventos de Santa Martina 12;63000;100% para VENTOS DE SÃO MIZAEL ENERGIAS RENOVÁVEIS S/A (PIE);20210917;EOL.CV.RN.038321-0.01;BERNARDO.OLIVEIRA;20241213;BERNARDO.OLIVEIRA;20241213
Pedra Preta;20700;100% para SPE Pedra Preta Energia S.A. (PIE);20141203;EOL.CV.RN.030671-1.01;BERNARDO.OLIVEIRA;20241213;BERNARDO.OLIVEIRA;20241213
Caetité D;50400;100% para EOLICA CAETITE D S.A. (PIE);20240320;EOL.CV.BA.037004-5.01;BERNARDO.OLIVEIRA;20241213;BERNARDO.OLIVEIRA;20241213
Maron;30240;100% para Centrais Eólicas Maron S.A (PIE);20150304;EOL.CV.BA.030768-8.01;BERNARDO.OLIVEIRA;20241213;BERNARDO.OLIVEIRA;20241213
Ventos de São Roque 06;45600;100% para ENEL GREEN POWER VENTOS DE SAO ROQUE 06 S.A (PIE);20231019;EOL.CV.PI.038108-0.01;BERNARDO.OLIVEIRA;20241213;BERNARDO.OLIVEIRA;20241213
Ventos do Parazinho;29120;100% para Nova Ventos do Parazinho Energias Renováveis S.A. (PIE);20160928;EOL.CV.CE.030596-0.01;BERNARDO.OLIVEIRA;20241213;BERNARDO.OLIVEIRA;20241213
Sangradouro 3;27600;100% para Ventos da Lagoa Energia S.A (PIE);20120522;EOL.CV.RS.030330-5.01;BERNARDO.OLIVEIRA;20241213;BERNARDO.OLIVEIRA;20241213
Caetité 2;30000;100% para CAETITÉ 2 ENERGIA RENOVÁVEL S/A (PIE);20141008;EOL.CV.BA.030437-9.01;BERNARDO.OLIVEIRA;20241213;BERNARDO.OLIVEIRA;20241213
Umburanas 10;20000;100% para Eólica Umburanas  10 S.A. (PIE);20190319;EOL.CV.BA.031742-0.01;BERNARDO.OLIVEIRA;20241213;BERNARDO.OLIVEIRA;20241213
Jandaíra IV;27720;100% para JANDAÍRA IV ENERGIAS RENOVÁVEIS S.A. (PIE);20221015;EOL.CV.RN.035271-3.01;BERNARDO.OLIVEIRA;20241213;BERNARDO.OLIVEIRA;20241213
Ventos de Morrinhos;30000;100% para MORRINHOS ENERGIAS RENOVAVEIS S.A. (PIE);20151114;EOL.CV.BA.030945-1.01;BERNARDO.OLIVEIRA;20241213;BERNARDO.OLIVEIRA;20241213
BARAÚNAS IV ENERGÉTI;41580;100% para BARAUNAS IV ENERGETICA S.A. (PIE);20221027;EOL.CV.BA.038032-6.01;BERNARDO.OLIVEIRA;20241213;BERNARDO.OLIVEIRA;20241213
Serra das Vacas III;22235;100% para Eólica Serra das Vacas III S.A (PIE);20151218;EOL.CV.PE.031560-5.01;BERNARDO.OLIVEIRA;20241213;BERNARDO.OLIVEIRA;20241213
Serra do Seridó IX;49500;100% para Parque Eólico Serra do Seridó IX S.A. (PIE);20231028;EOL.CV.PB.040613-9.01;BERNARDO.OLIVEIRA;20241213;BERNARDO.OLIVEIRA;20241213
Ventos de Santa Luzia 06;40500;100% para VENTOS DE SANTO UBALDO ENERGIAS RENOVÁVEIS S.A. (PIE);20240227;EOL.CV.BA.049419-4.01;BERNARDO.OLIVEIRA;20241213;BERNARDO.OLIVEIRA;20241213
Ventos de Santa Emilia;27300;100% para CENTRAL EOLICA BABILONIA V S.A. (PIE);20181114;EOL.CV.BA.034717-5.01;BERNARDO.OLIVEIRA;20241213;BERNARDO.OLIVEIRA;20241213
Mangue Seco 3;26000;100% para Eólica Mangue Seco 3 – Geradora e Comercializadora de Energia Elétrica S.A. (PIE);20110826;EOL.CV.RN.030281-3.01;BERNARDO.OLIVEIRA;20241213;BERNARDO.OLIVEIRA;20241213
Cumarú V;37800;100% para ENEL GREEN POWER CUMARU 05 S.A (PIE);20211016;EOL.CV.RN.037021-5.01;BERNARDO.OLIVEIRA;20241213;BERNARDO.OLIVEIRA;20241213
Teiu;16650;100% para Central Eólica Teiu S.A (PIE);20160205;EOL.CV.BA.030731-9.01;BERNARDO.OLIVEIRA;20241213;BERNARDO.OLIVEIRA;20241213
Angelim;21600;100% para Centrais Eólicas Angelim S.A. (PIE);20220805;EOL.CV.BA.032091-9.01;BERNARDO.OLIVEIRA;20241213;BERNARDO.OLIVEIRA;20241213
Morro dos Ventos IX;30000;100% para Desa Morro dos Ventos IX S.A (PIE);20140329;EOL.CV.RN.030302-0.01;BERNARDO.OLIVEIRA;20241213;BERNARDO.OLIVEIRA;20241213
Mundo Novo V;22500;100% para SPE 1 – Central Eólica Mundo Novo S.A. (PIE);20240326;EOL.CV.RN.033552-5.01;BERNARDO.OLIVEIRA;20241213;BERNARDO.OLIVEIRA;20241213
Verace 28;12530;100% para Omega Geração S.A. (PIE);20151216;EOL.CV.RS.031578-8.01;BERNARDO.OLIVEIRA;20241213;BERNARDO.OLIVEIRA;20241213
Capoeiras III;27500;100% para Parque Eólico Capoeiras III (PIE);20180412;EOL.CV.BA.032344-6.01;BERNARDO.OLIVEIRA;20241213;BERNARDO.OLIVEIRA;20241213
Serra da Babilônia A;20400;100% para EÓLICA SDB ALFA S.A. (PIE);20210518;EOL.CV.BA.037083-5.01;BERNARDO.OLIVEIRA;20241213;BERNARDO.OLIVEIRA;20241213
Santo Agostinho 4;37200;100% para Eólica Santo Agostinho 4 S.A. (PIE);20240109;EOL.CV.RN.033835-4.01;BERNARDO.OLIVEIRA;20241213;BERNARDO.OLIVEIRA;20241213
Aura Caetité 01;27000;100% para TANQUE NOVO IV ENERGIAS RENOVAVEIS S.A. (PIE);20230505;EOL.CV.BA.044959-8.01;BERNARDO.OLIVEIRA;20241213;BERNARDO.OLIVEIRA;20241213
Campo Largo XX;37800;100% para CLWP EÓLICA PARQUE XX S.A. (PIE);20210625;EOL.CV.BA.034647-0.01;BERNARDO.OLIVEIRA;20241213;BERNARDO.OLIVEIRA;20241213
Guajirú;30004;100% para Central Eólica Guajirú S.A (PIE);20131122;EOL.CV.CE.030663-0.01;BERNARDO.OLIVEIRA;20241213;BERNARDO.OLIVEIRA;20241213
Santa Mônica I;18900;100% para CENTRAL EOLICA SANTA MONICA SPE S.A. (PIE);20161011;EOL.CV.CE.032013-7.01;BERNARDO.OLIVEIRA;20241213;BERNARDO.OLIVEIRA;20241213
Fazenda Rosário;9200;100% para Parques Eólicos Palmares S.A. (PIE);20110630;EOL.CV.RS.030343-7.01;BERNARDO.OLIVEIRA;20241213;BERNARDO.OLIVEIRA;20241213
Campo Largo VI;29700;100% para CLWP EÓLICA PARQUE VI S.A. (PIE);20181102;EOL.CV.BA.033631-9.01;BERNARDO.OLIVEIRA;20241213;BERNARDO.OLIVEIRA;20241213
Ventos de Santa Ângela 21;27000;100% para ENEL GREEN POWER VENTOS DE SANTA ÂNGELA 21 S.A. (PIE);20210128;EOL.CV.PI.033025-6.01;BERNARDO.OLIVEIRA;20241213;BERNARDO.OLIVEIRA;20241213
Ventos de São Zacarias 04;45600;100% para VENTOS DE SAO ZACARIAS 04 ENERGIAS RENOVAVEIS S.A. (PIE);20241002;EOL.CV.PI.038129-2.01;BERNARDO.OLIVEIRA;20241213;BERNARDO.OLIVEIRA;20241213
Jerusalém I;29400;100% para CENTRAL EOLICA JERUSALEM I S.A. (PIE);20230119;EOL.CV.RN.037294-3.01;BERNARDO.OLIVEIRA;20241213;BERNARDO.OLIVEIRA;20241213
Papagaio;10000;100% para Companhia Hidro Elétrica do São Francisco (PIE);20191004;EOL.CV.BA.031511-7.01;BERNARDO.OLIVEIRA;20241213;BERNARDO.OLIVEIRA;20241213
Ventos de Santa Esperança 16;42000;100% para ENEL GREEN POWER VENTOS DE SANTA ESPERANCA 16 S.A (PIE);20220114;EOL.CV.BA.034508-3.01;BERNARDO.OLIVEIRA;20241213;BERNARDO.OLIVEIRA;20241213
Pitombeira;27300;100% para Energia dos Ventos IV S.A (PIE);20181222;EOL.CV.CE.030926-5.01;BERNARDO.OLIVEIRA;20241213;BERNARDO.OLIVEIRA;20241213
Vila Maranhão II;31950;100% para EOL POTIGUAR B142 SPE S.A (PIE);20210331;EOL.CV.RN.038326-0.01;BERNARDO.OLIVEIRA;20241213;BERNARDO.OLIVEIRA;20241213
Ventos de Santa Eugênia 14;22800;100% para OSLO V S/A. (PIE);20240221;EOL.CV.BA.038090-3.01;BERNARDO.OLIVEIRA;20241213;BERNARDO.OLIVEIRA;20241213
Serra da Babilônia IX;28200;100% para EÓLICA SERRA DA BABILÔNIA IX S.A (PIE);20181212;EOL.CV.BA.032465-5.01;BERNARDO.OLIVEIRA;20241213;BERNARDO.OLIVEIRA;20241213
Aroeira 2;43000;100% para Enel Green Power Aroeira 02 S.A. (PIE);20231220;EOL.CV.BA.044947-4.01;BERNARDO.OLIVEIRA;20241213;BERNARDO.OLIVEIRA;20241213
Ventos de São Clemente 5;31365;100% para Ventos de São Clemente V Energias Renováveis S.A (PIE);20160614;EOL.CV.PE.031822-1.01;BERNARDO.OLIVEIRA;20241213;BERNARDO.OLIVEIRA;20241213
Rio Verde;30400;100% para CENTRAIS EÓLICAS RIO VERDE LTDA. (PIE);20140704;EOL.CV.BA.030341-0.01;BERNARDO.OLIVEIRA;20241213;BERNARDO.OLIVEIRA;20241213
Ventos de São Roque 8;49500;100% para ENEL GREEN POWER VENTOS DE SAO ROQUE 08 S.A. (PIE);20221008;EOL.CV.PI.040626-0.01;BERNARDO.OLIVEIRA;20241213;BERNARDO.OLIVEIRA;20241213
Santa Rosa e Mundo Novo II;29400;100% para CENTRAL EÓLICA SRMN II S.A. (PIE);20211201;EOL.CV.RN.035211-0.01;BERNARDO.OLIVEIRA;20241213;BERNARDO.OLIVEIRA;20241213
Malhadinha 1;23100;100% para Geradora Eólica Bons Ventos da Serra I S.A (PIE);20161020;EOL.CV.CE.030841-2.01;BERNARDO.OLIVEIRA;20241213;BERNARDO.OLIVEIRA;20241213
Delta 6 II;24300;100% para DELTA 6 II ENERGIA S.A. (PIE);20190125;EOL.CV.MA.037967-0.01;BERNARDO.OLIVEIRA;20241213;BERNARDO.OLIVEIRA;20241213
Verace VII;30000;100% para Omega Geração S.A. (PIE);20150224;EOL.CV.RS.030747-5.01;BERNARDO.OLIVEIRA;20241213;BERNARDO.OLIVEIRA;20241213
Caetité C;8500;100% para Eólica Caetité C S.A (PIE);20150909;EOL.CV.BA.031523-0.01;BERNARDO.OLIVEIRA;20241213;BERNARDO.OLIVEIRA;20241213
Quina;10800;100% para Centrais Eólicas Itapuã VII LTDA. (PIE);20220906;EOL.CV.BA.032364-0.01;BERNARDO.OLIVEIRA;20241213;BERNARDO.OLIVEIRA;20241213
Pedra Pintada III;45000;100% para USINA EOLICA PEDRA PINTADA C LTDA. (PIE);20240727;EOL.CV.BA.049144-6.01;BERNARDO.OLIVEIRA;20241213;BERNARDO.OLIVEIRA;20241213
Delfina VII;30000;100% para Enel Green Power Delfina E Eólica S.A. (PIE);20171031;EOL.CV.BA.032524-4.01;BERNARDO.OLIVEIRA;20241213;BERNARDO.OLIVEIRA;20241213
Aura Mangueira XIII;15000;100% para Santa Vitória do Palmar V Energias Renováveis S.A (PIE);20170513;EOL.CV.RS.031646-6.01;BERNARDO.OLIVEIRA;20241213;BERNARDO.OLIVEIRA;20241213
Serra do Seridó IV;44000;100% para Parque Eólico Serra do Seridó IV S.A. (PIE);20230705;EOL.CV.PB.035227-6.01;BERNARDO.OLIVEIRA;20241213;BERNARDO.OLIVEIRA;20241213
Canoas;31500;100% para CANOAS ENERGIA RENOVÁVEL S.A. (PIE);20170930;EOL.CV.PB.033663-7.01;BERNARDO.OLIVEIRA;20241213;BERNARDO.OLIVEIRA;20241213
Farol de Touros;24850;100% para SPE FAROL DE TOUROS ENERGIA S.A. (PIE);20210916;EOL.CV.RN.037999-9.01;BERNARDO.OLIVEIRA;20241213;BERNARDO.OLIVEIRA;20241213
Caetité F;25200;100% para EOLICA CAETITE F S.A. (PIE);20240611;EOL.CV.BA.037006-1.01;BERNARDO.OLIVEIRA;20241213;BERNARDO.OLIVEIRA;20241213
Vento Formoso;27510;100% para Nova Vento Formoso Energias Renováveis S.A (PIE);20161007;EOL.CV.CE.030595-2.01;BERNARDO.OLIVEIRA;20241213;BERNARDO.OLIVEIRA;20241213
Cumaru I;42000;100% para ENEL GREEN POWER CUMARU 01 S.A. (PIE);20210804;EOL.CV.RN.032207-5.01;BERNARDO.OLIVEIRA;20241213;BERNARDO.OLIVEIRA;20241213
Porto das Barcas;20000;100% para PORTO DAS BARCAS ENERGIA S.A. (PIE);20140702;EOL.CV.PI.030827-7.01;BERNARDO.OLIVEIRA;20241213;BERNARDO.OLIVEIRA;20241213
Osório 2;27600;100% para Ventos do Litoral Energia S.A. (PIE);20121219;EOL.CV.RS.030286-4.01;BERNARDO.OLIVEIRA;20241213;BERNARDO.OLIVEIRA;20241213
Morro 2;34200;100% para MORRO DO CRUZEIRO II S.A. (PIE);20240924;EOL.CV.BA.050845-4.01;BERNARDO.OLIVEIRA;20241213;BERNARDO.OLIVEIRA;20241213
Umburanas 5;17500;100% para Eólica Umburanas  5 S.A. (PIE);20190330;EOL.CV.BA.031737-3.01;BERNARDO.OLIVEIRA;20241213;BERNARDO.OLIVEIRA;20241213
Cabeço Vermelho II;16800;100% para EÓLICA CABEÇO VERMELHO II S.A. (PIE);20180522;EOL.CV.RN.031665-2.01;BERNARDO.OLIVEIRA;20241213;BERNARDO.OLIVEIRA;20241213
Ventos de São Januário 11;42000;100% para PARQUE EÓLICO VENTOS DE SÃO JANUÁRIO 11 S.A (PIE);20210106;EOL.CV.BA.033530-4.01;BERNARDO.OLIVEIRA;20241213;BERNARDO.OLIVEIRA;20241213
VENTOS DE SAO CIRO;35200;100% para VENTOS DE SAO CIRO ENERGIAS RENOVAVEIS S/A (PIE);20221015;EOL.CV.PI.048516-0.01;BERNARDO.OLIVEIRA;20241213;BERNARDO.OLIVEIRA;20241213
Serra das Vacas I;23920;100% para Eólica Serra das Vacas I S.A (PIE);20151218;EOL.CV.PE.031537-0.01;BERNARDO.OLIVEIRA;20241213;BERNARDO.OLIVEIRA;20241213
Arizona 1;26000;100% para ARIZONA 1 ENERGIA RENOVÁVEL S/A (PIE);20131001;EOL.CV.RN.030622-3.01;BERNARDO.OLIVEIRA;20241213;BERNARDO.OLIVEIRA;20241213
Ventos de Santa Luzia 08;45000;100% para VENTOS DE SÃO VIGÍLIO ENERGIAS RENOVÁVEIS S.A. (PIE);20240625;EOL.CV.BA.049421-6.01;BERNARDO.OLIVEIRA;20241213;BERNARDO.OLIVEIRA;20241213
Boa Vista da Lagoinha;30000;100% para Enel Green Power Boa Vista Eólica S.A. (PIE);20180629;EOL.CV.BA.032759-0.01;BERNARDO.OLIVEIRA;20241213;BERNARDO.OLIVEIRA;20241213
Assuruá 5 VI;34800;28.6170% para MANAUS AMBIENTAL S.A. (PIE) 21.7630% para AGUAS GUARIROBA SA (PIE) 13.6620% para AGUAS DE TERESINA SANEAMENTO SPE S.A. (PIE) 11.2000% para ASSURUÁ 5 ENERGIA S.A. (PIE) 8.3080% para RIO NEGRO AMBIENTAL CAPTACAO TRATAMENTO E DISTRIBUICAO DE;20230513;EOL.CV.BA.051789-5.01;BERNARDO.OLIVEIRA;20241213;BERNARDO.OLIVEIRA;20241213
Ventos de Santo Albano;29700;100% para Central Geradora Eólica Caiçara S.A. (PIE);20170719;EOL.CV.PI.031272-0.01;BERNARDO.OLIVEIRA;20241213;BERNARDO.OLIVEIRA;20241213
Mangue Seco 1;26000;100% para EÓLICA MANGUE SECO 1 - GERADORA E COMERCIALIZADORA DE ENERGIA ELÉTRICA S.A. (PIE);20110930;EOL.CV.RN.030285-6.01;BERNARDO.OLIVEIRA;20241213;BERNARDO.OLIVEIRA;20241213
Ventos de Santa Ângela 20;30000;100% para ENEL GREEN POWER VENTOS DE SANTA ÂNGELA 20 S.A. (PIE);20210213;EOL.CV.PI.033024-8.01;BERNARDO.OLIVEIRA;20241213;BERNARDO.OLIVEIRA;20241213
Ventos de São Zacarias 03;45600;100% para VENTOS DE SAO ZACARIAS 03 ENERGIAS RENOVAVEIS S.A. (PIE);20241002;EOL.CV.PI.038128-4.01;BERNARDO.OLIVEIRA;20241213;BERNARDO.OLIVEIRA;20241213
Angicos I;25200;100% para EÓLICA ANGICOS I GERAÇÃO DE ENERGIAS SPE S.A (PIE);20220514;EOL.CV.RN.035165-2.01;BERNARDO.OLIVEIRA;20241213;BERNARDO.OLIVEIRA;20241213
Santa Clara I;30000;100% para SANTA CLARA I ENERGIAS RENOVÁVEIS LTDA (PIE);20140329;EOL.CV.RN.030292-9.01;BERNARDO.OLIVEIRA;20241213;BERNARDO.OLIVEIRA;20241213
Boca do Córrego;24300;100% para Central Geradora Eólica Palmas S.A. (PIE);20140830;EOL.CV.CE.030697-5.01;BERNARDO.OLIVEIRA;20241213;BERNARDO.OLIVEIRA;20241213
Verace 30;17900;100% para Omega Geração S.A. (PIE);20151216;EOL.CV.RS.031602-4.01;BERNARDO.OLIVEIRA;20241213;BERNARDO.OLIVEIRA;20241213
Coqueirinho 2;16000;100% para Companhia Hidro Elétrica do São Francisco (PIE);20190919;EOL.CV.BA.031518-4.01;BERNARDO.OLIVEIRA;20241213;BERNARDO.OLIVEIRA;20241213
Curral de Pedras II;27500;100% para Parque Eólico Curral de Pedras II S.A (PIE);20180413;EOL.CV.BA.032346-2.01;BERNARDO.OLIVEIRA;20241213;BERNARDO.OLIVEIRA;20241213
Ventos de Santa Esperança 15;46200;100% para ENEL GREEN POWER VENTOS DE SANTA ESPERANCA 15 S.A. (PIE);20220113;EOL.CV.BA.034507-5.01;BERNARDO.OLIVEIRA;20241213;BERNARDO.OLIVEIRA;20241213
Santo Agostinho 6;24800;100% para Eólica Santo Agostinho 6 S.A. (PIE);20240220;EOL.CV.RN.033838-9.01;BERNARDO.OLIVEIRA;20241213;BERNARDO.OLIVEIRA;20241213
Serra da Babilônia II;28200;100% para EÓLICA SERRA DA BABILÔNIA II S.A (PIE);20181212;EOL.CV.BA.032462-0.01;BERNARDO.OLIVEIRA;20241213;BERNARDO.OLIVEIRA;20241213
Praias de Parajuru;28800;100% para Central Eólica Praia de Parajuru S.A (PIE);20090819;EOL.CV.CE.028724-5.01;BERNARDO.OLIVEIRA;20241213;BERNARDO.OLIVEIRA;20241213
São Fernando 4;83160;100% para VENTOS DE SÃO FERNANDO IV ENERGIA S.A. (PIE);20210330;EOL.CV.RN.037077-0.01;BERNARDO.OLIVEIRA;20241213;BERNARDO.OLIVEIRA;20241213
Buriti;30000;100% para Nova Eólica Buriti S.A. (PIE);20140403;EOL.CV.CE.030279-1.01;BERNARDO.OLIVEIRA;20241213;BERNARDO.OLIVEIRA;20241213
Cerro Chato II (Antiga Coxilha Negra VI);30000;100% para Companhia De Geração e Transmissão de Energia Elétrica do Sul do Brasil - ELETROBRAS CGT ELETROSUL (PIE);20110831;EOL.CV.RS.030349-6.01;BERNARDO.OLIVEIRA;20241213;BERNARDO.OLIVEIRA;20241213
Angical;12950;100% para Central Eólica Angical S.A (PIE);20160205;EOL.CV.BA.030732-7.01;BERNARDO.OLIVEIRA;20241213;BERNARDO.OLIVEIRA;20241213
Jerusalém III;29400;100% para CENTRAL EOLICA JERUSALEM III S.A. (PIE);20230119;EOL.CV.RN.037296-0.01;BERNARDO.OLIVEIRA;20241213;BERNARDO.OLIVEIRA;20241213
Delta 3 VIII (Antiga Ventos Maranhenses 05);27600;100% para DELTA 3 VIII ENERGIA S.A. (PIE);20171107;EOL.CV.MA.033686-6.01;BERNARDO.OLIVEIRA;20241213;BERNARDO.OLIVEIRA;20241213
Pedra Cheirosa II;23100;100% para PEDRA CHEIROSA II ENERGIA S.A. (PIE);20170627;EOL.CV.CE.031698-9.01;BERNARDO.OLIVEIRA;20241213;BERNARDO.OLIVEIRA;20241213
Verace II;20000;100% para Omega Geração S.A. (PIE);20150224;EOL.CV.RS.030742-4.01;BERNARDO.OLIVEIRA;20241213;BERNARDO.OLIVEIRA;20241213
Delfina VI;30000;100% para Enel Green Power Delfina D Eólica S.A. (PIE);20171031;EOL.CV.BA.032523-6.01;BERNARDO.OLIVEIRA;20241213;BERNARDO.OLIVEIRA;20241213
São Clemente;21000;100% para ENERGIA DOS VENTOS VIII S.A (PIE);20200530;EOL.CV.CE.030927-3.01;BERNARDO.OLIVEIRA;20241213;BERNARDO.OLIVEIRA;20241213
Terra Santa II;31950;100% para CENTRAL EÓLICA TERRA SANTA SPE II LTDA (PIE);20210629;EOL.CV.RN.032501-5.01;BERNARDO.OLIVEIRA;20241213;BERNARDO.OLIVEIRA;20241213
Morrão;30240;100% para Centrais Eólicas Morrão S.A (PIE);20141011;EOL.CV.BA.030506-5.01;BERNARDO.OLIVEIRA;20241213;BERNARDO.OLIVEIRA;20241213
Aroeira 4;43000;100% para Enel Green Power Aroeira 04 S.A. (PIE);20231223;EOL.CV.BA.044949-0.01;BERNARDO.OLIVEIRA;20241213;BERNARDO.OLIVEIRA;20241213
Aura Queimada Nova 02;46000;100% para LAGOA DO BARRO X ENERGIAS RENOVÁVEIS S.A. (PIE);20211208;EOL.CV.PI.040567-1.01;BERNARDO.OLIVEIRA;20241213;BERNARDO.OLIVEIRA;20241213
Ventos de São Clemente 7;25830;100% para Ventos de São Clemente VII Energias Renováveis S.A (PIE);20160525;EOL.CV.PE.031824-8.01;BERNARDO.OLIVEIRA;20241213;BERNARDO.OLIVEIRA;20241213
Guirapá;28800;100% para Centrais Eólicas Guirapá LTDA. (PIE);20140704;EOL.CV.BA.030342-9.01;BERNARDO.OLIVEIRA;20241213;BERNARDO.OLIVEIRA;20241213
Ventos de São Vitor 10;43400;100% para Ventos de São Vítor 10 Energias Renováveis S.A. (PIE);20240501;EOL.CV.BA.034657-8.01;BERNARDO.OLIVEIRA;20241213;BERNARDO.OLIVEIRA;20241213
Ventos de Santa Angela 01;31500;100% para ENEL GREEN POWER VENTOS DE SANTA ANGELA 1 S.A. (PIE);20201112;EOL.CV.PI.033005-1.01;BERNARDO.OLIVEIRA;20241213;BERNARDO.OLIVEIRA;20241213
Ventos de Santo Augusto VIII;18400;100% para Ventos de Santo Augusto VIII Energias Renováveis S.A (PIE);20161224;EOL.CV.PI.031767-5.01;BERNARDO.OLIVEIRA;20241213;BERNARDO.OLIVEIRA;20241213
Caetité B;22100;100% para Eólica Caetité B S.A (PIE);20150909;EOL.CV.BA.031342-4.01;BERNARDO.OLIVEIRA;20241213;BERNARDO.OLIVEIRA;20241213
Ventos de São Januário 21;50400;100% para VENTOS DE SÃO GALVÃO ENERGIAS RENOVÁVEIS S/A (PIE);20200624;EOL.CV.BA.037103-3.01;BERNARDO.OLIVEIRA;20241213;BERNARDO.OLIVEIRA;20241213
Santa Rosa e Mundo Novo I;33600;100% para CENTRAL EÓLICA SRMN I S.A. (PIE);20220208;EOL.CV.RN.035210-1.01;BERNARDO.OLIVEIRA;20241213;BERNARDO.OLIVEIRA;20241213
Morro dos Ventos II;29160;100% para Desa Morro dos Ventos II S.A (PIE);20150416;EOL.CV.RN.030889-7.01;BERNARDO.OLIVEIRA;20241213;BERNARDO.OLIVEIRA;20241213
Umburanas 23;15000;100% para Eólica Umburanas  23 S.A. (PIE);20190313;EOL.CV.BA.033637-8.01;BERNARDO.OLIVEIRA;20241213;BERNARDO.OLIVEIRA;20241213
Tucano IV;43400;100% para TUCANO F4 GERACAO DE ENERGIAS SPE S.A. (PIE);20230420;EOL.CV.BA.032569-4.01;BERNARDO.OLIVEIRA;20241213;BERNARDO.OLIVEIRA;20241213
Ventos de Santo Augusto V;29600;100% para Ventos de Santo Augusto V Energias Renováveis S.A (PIE);20160122;EOL.CV.PI.031661-0.01;BERNARDO.OLIVEIRA;20241213;BERNARDO.OLIVEIRA;20241213
Canoa Quebrada;10500;100% para Rosa dos Ventos Geração e Comercialização de Energia S.A. (PIE);20081206;EOL.CV.CE.028649-4.01;BERNARDO.OLIVEIRA;20241213;BERNARDO.OLIVEIRA;20241213
Cajuina B15 (Antiga Ventos de São Ricardo 04);39900;100% para VENTOS DE SAO RICARDO 04 ENERGIAS RENOVAVEIS S.A. (PIE);20240110;EOL.CV.RN.049173-0.01;BERNARDO.OLIVEIRA;20241213;BERNARDO.OLIVEIRA;20241213
Faísa I;29400;100% para EÓLICA FAÍSA I - GERAÇÃO E COMERCIALIZAÇÃO DE ENERGIA S.A. (PIE);20140329;EOL.CV.CE.030352-6.01;BERNARDO.OLIVEIRA;20241213;BERNARDO.OLIVEIRA;20241213
Serra do Mato II;21000;100% para EÓLICA SERRA DO MATO II ENERGY S.A (PIE);20211029;EOL.CV.CE.032376-4.01;BERNARDO.OLIVEIRA;20241213;BERNARDO.OLIVEIRA;20241213
Mundaú;30004;100% para Central Eólica Mundaú S.A (PIE);20140401;EOL.CV.CE.030656-8.01;BERNARDO.OLIVEIRA;20241213;BERNARDO.OLIVEIRA;20241213
Verace III;26000;100% para Omega Geração S.A. (PIE);20150224;EOL.CV.RS.030746-7.01;BERNARDO.OLIVEIRA;20241213;BERNARDO.OLIVEIRA;20241213
Oeste Serido XI;27000;100% para CENTRAL GERADORA EÓLICA SERIDÓ XI S.A. (PIE);20240118;EOL.CV.RN.047161-5.01;BERNARDO.OLIVEIRA;20241213;BERNARDO.OLIVEIRA;20241213
Jericó;32900;100% para Central Eólica Jaú S.A. (PIE);20171228;EOL.CV.RN.031802-7.01;BERNARDO.OLIVEIRA;20241213;BERNARDO.OLIVEIRA;20241213
Riachão IV;29700;100% para Central Geradora Eolica Anemoi S.A. (PIE);20150601;EOL.CV.RN.030874-9.01;BERNARDO.OLIVEIRA;20241213;BERNARDO.OLIVEIRA;20241213
Aura Mangueira VI;27000;100% para Santa Vitória do Palmar II Energias Renováveis S.A (PIE);20170915;EOL.CV.RS.031696-2.01;BERNARDO.OLIVEIRA;20241213;BERNARDO.OLIVEIRA;20241213
SANTO ALFREDO;30800;100% para VENTOS DE SANTO ALFREDO ENERGIAS RENOVAVEIS S/A (PIE);20220816;EOL.CV.PI.048517-9.01;BERNARDO.OLIVEIRA;20241213;BERNARDO.OLIVEIRA;20241213
Ventos de Santa Joana I;28900;100% para VENTOS DE SANTA JOANA I ENERGIAS RENOVÁVEIS S.A (PIE);20160116;EOL.CV.PI.031581-8.01;BERNARDO.OLIVEIRA;20241213;BERNARDO.OLIVEIRA;20241213
Serra do Seridó XI;46400;100% para PARQUE EÓLICO SERRA DO SERIDÓ XI S.A (PIE);20231124;EOL.CV.PB.043275-0.01;BERNARDO.OLIVEIRA;20241213;BERNARDO.OLIVEIRA;20241213
São Bento do Norte III;23100;100% para CENTRAL GERADORA EÓLICA SÃO BENTO DO NORTE III S/A (PIE);20190409;EOL.CV.RN.033643-2.01;BERNARDO.OLIVEIRA;20241213;BERNARDO.OLIVEIRA;20241213
Espigão;10080;100% para Centrais Eólicas Espigão S.A (PIE);20160101;EOL.CV.BA.030803-0.01;BERNARDO.OLIVEIRA;20241213;BERNARDO.OLIVEIRA;20241213
Ventos de Santa Luzia 10;40500;100% para VENTOS DE SÃO VLADIMIR ENERGIAS RENOVÁVEIS S.A. (PIE);20240523;EOL.CV.BA.049423-2.01;BERNARDO.OLIVEIRA;20241213;BERNARDO.OLIVEIRA;20241213
Miassaba II;14400;100% para MIASSABA GERADORA EÓLICA S.A. (PIE);20111222;EOL.CV.RN.030370-4.01;BERNARDO.OLIVEIRA;20241213;BERNARDO.OLIVEIRA;20241213
Cumarú IV;42000;100% para ENEL GREEN POWER CUMARU 04 S.A (PIE);20211016;EOL.CV.RN.037020-7.01;BERNARDO.OLIVEIRA;20241213;BERNARDO.OLIVEIRA;20241213
Aventura I;28200;100% para CENTRAL EÓLICA AVENTURA I S.A (PIE);20180320;EOL.CV.RN.031887-6.01;BERNARDO.OLIVEIRA;20241213;BERNARDO.OLIVEIRA;20241213
Atlântica I;30000;100% para Atlântica I Parque Eólico S.A (PIE);20140219;EOL.CV.RS.030457-3.01;BERNARDO.OLIVEIRA;20241213;BERNARDO.OLIVEIRA;20241213
Barbatimão;16200;100% para Centrais Eólicas Barbatimão S.A. (PIE);20221124;EOL.CV.BA.032093-5.01;BERNARDO.OLIVEIRA;20241213;BERNARDO.OLIVEIRA;20241213
Assuruá II;30000;100% para Parque Eólico Assuruá II S.A. (PIE);20160405;EOL.CV.BA.031343-2.01;BERNARDO.OLIVEIRA;20241213;BERNARDO.OLIVEIRA;20241213
Ventos de São Vicente 09;29400;100% para Ventos de Santo Alberto Energias Renováveis S.A. (PIE);20171206;EOL.CV.PI.033143-0.01;BERNARDO.OLIVEIRA;20241213;BERNARDO.OLIVEIRA;20241213
Oeste Serido II;22500;100% para CENTRAL GERADORA EÓLICA SERIDÓ II S.A. (PIE);20231230;EOL.CV.RN.044975-0.01;BERNARDO.OLIVEIRA;20241213;BERNARDO.OLIVEIRA;20241213
Verace 34;14320;100% para Omega Geração S.A. (PIE);20160107;EOL.CV.RS.031601-6.01;BERNARDO.OLIVEIRA;20241213;BERNARDO.OLIVEIRA;20241213
Diamante III;17500;100% para Parque Eólico Diamante III S.A (PIE);20180413;EOL.CV.BA.032348-9.01;BERNARDO.OLIVEIRA;20241213;BERNARDO.OLIVEIRA;20241213
Calango 1;30000;100% para CALANGO 1 ENERGIA RENOVÁVEL S/A. (PIE);20160130;EOL.CV.RN.030511-1.01;BERNARDO.OLIVEIRA;20241213;BERNARDO.OLIVEIRA;20241213
Serrote V;29400;100% para SERROTE V GERAÇÃO DE ENERGIA ELÉTRICA S.A (PIE);20210127;EOL.CV.CE.040882-4.01;BERNARDO.OLIVEIRA;20241213;BERNARDO.OLIVEIRA;20241213
Aura Tanque Novo 01;27000;100% para TANQUE NOVO I ENERGIAS RENOVAVEIS S.A. (PIE);20230505;EOL.CV.BA.044961-0.01;BERNARDO.OLIVEIRA;20241213;BERNARDO.OLIVEIRA;20241213
Serra da Babilônia D;31800;100% para Eólica SDB D S.A. (PIE);20210706;EOL.CV.BA.040610-4.01;BERNARDO.OLIVEIRA;20241213;BERNARDO.OLIVEIRA;20241213
Vila Pará II;24000;100% para USINA DE ENERGIA EÓLICA VILA PARÁ II SPE S.A. (PIE);20160915;EOL.CV.RN.031757-8.01;BERNARDO.OLIVEIRA;20241213;BERNARDO.OLIVEIRA;20241213
Eurus IV;27000;100% para NOVA EURUS IV ENERGIAS RENOVÁVEIS S.A (PIE);20150820;EOL.CV.RN.030509-0.01;BERNARDO.OLIVEIRA;20241213;BERNARDO.OLIVEIRA;20241213
Bom Jardim;30000;100% para Bom Jardim Energia Eólica S.A. (PIE);20111022;EOL.CV.SC.029062-9.01;BERNARDO.OLIVEIRA;20241213;BERNARDO.OLIVEIRA;20241213
Ventos da Bahia IV;12000;100% para PARQUE EÓLICO COLINA S.A. (PIE);20170921;EOL.CV.BA.031770-5.01;BERNARDO.OLIVEIRA;20241213;BERNARDO.OLIVEIRA;20241213
Ventos de São Zacarias 08;45600;100% para VENTOS DE SAO ZACARIAS 08 ENERGIAS RENOVAVEIS S.A. (PIE);20241009;EOL.CV.PI.038133-0.01;BERNARDO.OLIVEIRA;20241213;BERNARDO.OLIVEIRA;20241213
Ventos de Vila Ceará II;31185;100% para VENTOS DE VILA CEARÁ II SPE S.A (PIE);20200208;EOL.CV.RN.036976-4.01;BERNARDO.OLIVEIRA;20241213;BERNARDO.OLIVEIRA;20241213
Santa Clara VI;30000;100% para SANTA CLARA VI ENERGIAS RENOVÁVEIS LTDA (PIE);20140329;EOL.CV.RN.030304-6.01;BERNARDO.OLIVEIRA;20241213;BERNARDO.OLIVEIRA;20241213
Caititu 2;10000;100% para Companhia Hidro Elétrica do São Francisco (PIE);20200128;EOL.CV.BA.031432-3.01;BERNARDO.OLIVEIRA;20241213;BERNARDO.OLIVEIRA;20241213
Ventos de São Januário 03;33600;100% para PARQUE EÓLICO VENTOS DE SÃO JANUÁRIO 03 S.A (PIE);20201106;EOL.CV.BA.033521-5.01;BERNARDO.OLIVEIRA;20241213;BERNARDO.OLIVEIRA;20241213
Vila Alagoas II;21000;100% para VILA ALAGOAS II EMPREENDIMENTOS E PARTICIPAÇÕES S.A (PIE);20220218;EOL.CV.RN.036977-2.01;BERNARDO.OLIVEIRA;20241213;BERNARDO.OLIVEIRA;20241213
Terral;30000;100% para Usina de Energia Eólica Terral SPE S.A. (PIE);20150324;EOL.CV.RN.030898-6.01;BERNARDO.OLIVEIRA;20241213;BERNARDO.OLIVEIRA;20241213
Serra da Babilônia  X;28200;100% para EÓLICA SERRA DA BABILÔNIA X S.A (PIE);20181212;EOL.CV.BA.032469-8.01;BERNARDO.OLIVEIRA;20241213;BERNARDO.OLIVEIRA;20241213
Ventos de Santa Leia 04;67100;100% para VENTOS DE SÃO LEOPOLDO ENERGIAS RENOVÁVEIS S.A. (PIE);20230307;EOL.CV.RN.033690-4.01;BERNARDO.OLIVEIRA;20241213;BERNARDO.OLIVEIRA;20241213
Enacel;31500;100% para CPFL ENERGIAS RENOVÁVEIS S.A. (PIE);20100318;EOL.CV.CE.028770-9.01;BERNARDO.OLIVEIRA;20241213;BERNARDO.OLIVEIRA;20241213
Testa Branca III;22000;100% para Testa Branca III Energia S.A. (PIE);20160812;EOL.CV.PI.033479-0.01;BERNARDO.OLIVEIRA;20241213;BERNARDO.OLIVEIRA;20241213
Caititu;22200;100% para Central Eólica Caititu S.A (PIE);20160216;EOL.CV.BA.030739-4.01;BERNARDO.OLIVEIRA;20241213;BERNARDO.OLIVEIRA;20241213
Barra dos Coqueiros;34500;100% para Energen Energias Renováveis S.A. (PIE);20120901;EOL.CV.SE.030296-1.01;BERNARDO.OLIVEIRA;20241213;BERNARDO.OLIVEIRA;20241213
Kairós Wind 2 (Antiga Mutamba X);36000;100% para KAIROS WIND 2 ENERGIA S A (PIE);;EOL.CV.CE.041922-2.01;BERNARDO.OLIVEIRA;20241213;BERNARDO.OLIVEIRA;20241213
Delta 7 I;27000;100% para DELTA 7 I ENERGIA S.A. (PIE);20191016;EOL.CV.MA.040572-8.01;BERNARDO.OLIVEIRA;20241213;BERNARDO.OLIVEIRA;20241213
Corredor do Senandes III;27000;100% para ADS ER EÓLICA CORREDOR DO SENANDES III S/A (PIE);20150123;EOL.CV.RS.030819-6.01;BERNARDO.OLIVEIRA;20241213;BERNARDO.OLIVEIRA;20241213
Aura Lagoa do Barro 06;27000;100% para Lagoa do Barro VI Energias Renováveis S.A. (PIE);20181218;EOL.CV.PI.033624-6.01;BERNARDO.OLIVEIRA;20241213;BERNARDO.OLIVEIRA;20241213
Ventos de Santo Onofre III;30000;100% para Ventos de Santo Onofre III Energias Renováveis S.A (PIE);20151218;EOL.CV.PI.031886-8.02;BERNARDO.OLIVEIRA;20241213;BERNARDO.OLIVEIRA;20241213
Santo Agostinho 13;37200;100% para Eólica Santo Agostinho 13 S.A. (PIE);20230530;EOL.CV.RN.033853-2.01;BERNARDO.OLIVEIRA;20241213;BERNARDO.OLIVEIRA;20241213
Assuruá 4 II;31500;100% para ASSURUA 4 II ENERGIA S.A (PIE);20230120;EOL.CV.BA.050464-5.01;BERNARDO.OLIVEIRA;20241213;BERNARDO.OLIVEIRA;20241213
Casa Nova A;27000;100% para Companhia Hidro Elétrica do São Francisco (PIE);20201224;EOL.CV.BA.037209-9.01;BERNARDO.OLIVEIRA;20241213;BERNARDO.OLIVEIRA;20241213
Serra de Santana II;30000;100% para Gestamp Eólica Lagoa Nova S.A. (PIE);20160302;EOL.CV.RN.030609-6.01;BERNARDO.OLIVEIRA;20241213;BERNARDO.OLIVEIRA;20241213
Albatroz;4500;100% para Vale dos Ventos Geradora Eólica S.A (PIE);20090131;EOL.CV.PB.029085-8.01;BERNARDO.OLIVEIRA;20241213;BERNARDO.OLIVEIRA;20241213
Ventos de São Vitor 2;31000;100% para Ventos de São Vítor 02 Energias Renováveis S.A. (PIE);20231004;EOL.CV.BA.034811-2.01;BERNARDO.OLIVEIRA;20241213;BERNARDO.OLIVEIRA;20241213
Ventos de Santo Estevão I;25300;100% para Ventos de Santo Estevão I Energias Renováveis S.A (PIE);20160623;EOL.CV.PE.031761-6.01;BERNARDO.OLIVEIRA;20241213;BERNARDO.OLIVEIRA;20241213
Cajuína B18 (Antiga Ventos de Santa Tereza 12);22800;100% para VENTOS DE SANTA TEREZA 12 ENERGIAS RENOVAVEIS S.A. (PIE);20240918;EOL.CV.RN.047246-8.01;BERNARDO.OLIVEIRA;20241213;BERNARDO.OLIVEIRA;20241213
União dos Ventos 10;14400;100% para Pontal do Nordeste Geradora Eólica S.A (PIE);20140405;EOL.CV.RN.030571-5.01;BERNARDO.OLIVEIRA;20241213;BERNARDO.OLIVEIRA;20241213
Verace IV;30000;100% para Omega Geração S.A. (PIE);20150224;EOL.CV.RS.030741-6.01;BERNARDO.OLIVEIRA;20241213;BERNARDO.OLIVEIRA;20241213
Tubarão P&D 2;4200;100% para ENGIE Brasil Energia S.A. (REG);20210211;EOL.CV.SC.050783-0.01;BERNARDO.OLIVEIRA;20241213;BERNARDO.OLIVEIRA;20241213
Vila Rio Grande do Norte I;25200;100% para VILA RIO GRANDE DO NORTE 1 EMPREENDIMENTOS E PARTICIPAÇÕES S.A. (PIE);20200325;EOL.CV.RN.038141-1.01;BERNARDO.OLIVEIRA;20241213;BERNARDO.OLIVEIRA;20241213
Caiçara I;27000;100% para USINA DE ENERGIA EOLICA CAICARA I SPE S.A. (PIE);20151205;EOL.CV.RN.030895-1.02;BERNARDO.OLIVEIRA;20241213;BERNARDO.OLIVEIRA;20241213
Ventos de Santa Eugênia 01;51300;100% para OSLO I S/A (PIE);20231115;EOL.CV.BA.038077-6.01;BERNARDO.OLIVEIRA;20241213;BERNARDO.OLIVEIRA;20241213
OITIS 2;27500;100% para OITIS 2 ENERGIA RENOVÁVEL S.A. (PIE);20220922;EOL.CV.PI.044359-0.01;BERNARDO.OLIVEIRA;20241213;BERNARDO.OLIVEIRA;20241213
Cataventos Acaraú I;28000;100% para CATAVENTOS ACARAU - GERACAO DE ENERGIAS RENOVAVEIS S.A (PIE);20180529;EOL.CV.CE.033756-0.01;BERNARDO.OLIVEIRA;20241213;BERNARDO.OLIVEIRA;20241213
Porto Seguro;6400;100% para CENTRAIS EÓLICAS PORTO SEGURO LTDA. (PIE);20140704;EOL.CV.BA.030323-2.01;BERNARDO.OLIVEIRA;20241213;BERNARDO.OLIVEIRA;20241213
Ventos de São Roque 05;45600;100% para ENEL GREEN POWER VENTOS DE SAO ROQUE 05 S.A (PIE);20231019;EOL.CV.PI.038107-1.01;BERNARDO.OLIVEIRA;20241213;BERNARDO.OLIVEIRA;20241213
Tacaicó II;49500;100% para Enel Green Power Fontes dos Ventos 3 S.A. (PIE);20211222;EOL.CV.PE.044554-1.01;BERNARDO.OLIVEIRA;20241213;BERNARDO.OLIVEIRA;20241213
Aventura V;29400;100% para CENTRAL EÓLICA AVENTURA V S.A. (PIE);20210708;EOL.CV.RN.037950-6.01;BERNARDO.OLIVEIRA;20241213;BERNARDO.OLIVEIRA;20241213
Ventos da Santa Esperança;28000;100% para ENEL GREEN POWER MORRO DO CHAPEU II EOLICA S.A (PIE);20180629;EOL.CV.BA.033649-1.01;BERNARDO.OLIVEIRA;20241213;BERNARDO.OLIVEIRA;20241213
Mussambê;32900;100% para Mussambê Energética S.A (PIE);20151014;EOL.CV.BA.031352-1.01;BERNARDO.OLIVEIRA;20241213;BERNARDO.OLIVEIRA;20241213
Oitis 3;49500;100% para OITIS 3 ENERGIA RENOVÁVEL S.A. (PIE);20221004;EOL.CV.PI.044362-0.01;BERNARDO.OLIVEIRA;20241213;BERNARDO.OLIVEIRA;20241213
Jandaíra III;27720;100% para JANDAÍRA III ENERGIAS RENOVÁVEIS S.A. (PIE);20221104;EOL.CV.RN.035270-5.01;BERNARDO.OLIVEIRA;20241213;BERNARDO.OLIVEIRA;20241213
STO APOLINARIO;35200;100% para VENTOS DE SANTO APOLINARIO ENERGIAS RENOVAVEIS S/A (PIE);20220604;EOL.CV.PI.048513-6.01;BERNARDO.OLIVEIRA;20241213;BERNARDO.OLIVEIRA;20241213
Ventos de Santo Augusto IV;28900;100% para VENTOS DE SANTO AUGUSTO IV ENERGIAS RENOVÁVEIS S.A (PIE);20160206;EOL.CV.PI.031603-2.01;BERNARDO.OLIVEIRA;20241213;BERNARDO.OLIVEIRA;20241213
Calango 3;30000;100% para CALANGO 3 ENERGIA RENOVÁVEL S/A. (PIE);20160130;EOL.CV.RN.030545-6.01;BERNARDO.OLIVEIRA;20241213;BERNARDO.OLIVEIRA;20241213
Figueira Branca;10650;100% para SPE FIGUEIRA BRANCA ENERGIA S.A. (PIE);20210717;EOL.CV.RN.038002-4.01;BERNARDO.OLIVEIRA;20241213;BERNARDO.OLIVEIRA;20241213
Seabra;30060;100% para Seabra Energética S.A (PIE);20120706;EOL.CV.BA.030306-2.01;BERNARDO.OLIVEIRA;20241213;BERNARDO.OLIVEIRA;20241213
Campo Largo XVI;29700;100% para CLWP EÓLICA PARQUE XVI S.A. (PIE);20180928;EOL.CV.BA.034637-3.01;BERNARDO.OLIVEIRA;20241213;BERNARDO.OLIVEIRA;20241213
Ventos de São Januário 15;72000;100% para Ventos de Santa Jacinta Energias Renováveis S.A. (PIE);20221217;EOL.CV.BA.032642-9.01;BERNARDO.OLIVEIRA;20241213;BERNARDO.OLIVEIRA;20241213
Ventos de Santo Dimas;29400;100% para Ventos de Santo Dimas Energias Renováveis S.A (PIE);20161011;EOL.CV.RN.031372-6.01;BERNARDO.OLIVEIRA;20241213;BERNARDO.OLIVEIRA;20241213
Folha de Serra;21000;100% para CENTRAIS EÓLICAS FOLHA DA SERRA S.A (PIE);20220202;EOL.CV.BA.031407-2.01;BERNARDO.OLIVEIRA;20241213;BERNARDO.OLIVEIRA;20241213
Riachão VII;29700;100% para Central Geradora Eólica Arena S.A. (PIE);20150601;EOL.CV.RN.030873-0.01;BERNARDO.OLIVEIRA;20241213;BERNARDO.OLIVEIRA;20241213
Cajucoco;30000;100% para Nova Eólica Cajucoco S.A (PIE);20140321;EOL.CV.CE.030294-5.01;BERNARDO.OLIVEIRA;20241213;BERNARDO.OLIVEIRA;20241213
Capão do Inglês;10000;100% para Companhia De Geração e Transmissão de Energia Elétrica do Sul do Brasil - ELETROBRAS CGT ELETROSUL (PIE);20151216;EOL.CV.RS.031510-9.01;BERNARDO.OLIVEIRA;20241213;BERNARDO.OLIVEIRA;20241213
Acauã;6000;100% para Companhia Hidro Elétrica do São Francisco (PIE);20191113;EOL.CV.BA.031433-1.01;BERNARDO.OLIVEIRA;20241213;BERNARDO.OLIVEIRA;20241213
Serra do Assuruá 19;40500;100% para Eólica Serra do Assuruá 19 Ltda. (PIE);20240806;EOL.CV.BA.049392-9.01;BERNARDO.OLIVEIRA;20241213;BERNARDO.OLIVEIRA;20241213
Aura Lagoa do Barro 02;27000;100% para Lagoa do Barro II Energias Renováveis S.A (PIE);20181213;EOL.CV.PI.033622-0.01;BERNARDO.OLIVEIRA;20241213;BERNARDO.OLIVEIRA;20241213
Borgo;20160;100% para Centrais Eólicas Borgo S.A (PIE);20160101;EOL.CV.BA.030837-4.01;BERNARDO.OLIVEIRA;20241213;BERNARDO.OLIVEIRA;20241213
Campo Largo XIII;42000;100% para CLWP EÓLICA PARQUE XIII S.A. (PIE);20210902;EOL.CV.BA.034622-5.01;BERNARDO.OLIVEIRA;20241213;BERNARDO.OLIVEIRA;20241213
Gravatá Fruitrade;4250;100% para Eólica Gravatá - Geradora de Energia S.A. (PIE);20100424;EOL.CV.PE.029020-3.01;BERNARDO.OLIVEIRA;20241213;BERNARDO.OLIVEIRA;20241213
Baixa do Sítio;46200;100% para CENTRAL EOLICA ACAUA II S.A. (PIE);20230929;EOL.CV.RN.033964-4.01;BERNARDO.OLIVEIRA;20241213;BERNARDO.OLIVEIRA;20241213
Cascata;6000;100% para Cascata Energia Eólica S.A. (PIE);20111027;EOL.CV.SC.029054-8.01;BERNARDO.OLIVEIRA;20241213;BERNARDO.OLIVEIRA;20241213
São João;27000;100% para USINA DE ENERGIA EOLICA SAO JOAO SPE S.A (PIE);20170620;EOL.CV.RN.030804-8.01;BERNARDO.OLIVEIRA;20241213;BERNARDO.OLIVEIRA;20241213
Aroeira;32900;100% para Central Eólica Jaú S.A. (PIE);20171228;EOL.CV.RN.031801-9.01;BERNARDO.OLIVEIRA;20241213;BERNARDO.OLIVEIRA;20241213
Monte Verde I;67200;100% para Central Eólica Monte Verde I S.A. (PIE);20230106;EOL.CV.RN.032518-0.01;BERNARDO.OLIVEIRA;20241213;BERNARDO.OLIVEIRA;20241213
Vento Aragano I;29700;100% para ADS ER EÓLICA VENTO ARAGANO I S/A (PIE);20150430;EOL.CV.RS.030833-1.01;BERNARDO.OLIVEIRA;20241213;BERNARDO.OLIVEIRA;20241213
REB CASSINO 2 2LFA;20000;100% para EOL WIND ENERGIAS RENOVAVEIS S.A. (PIE);20150114;EOL.CV.RS.030477-8.01;BERNARDO.OLIVEIRA;20241213;BERNARDO.OLIVEIRA;20241213
Serra da Babilônia E;25500;100% para EÓLICA SDB ECO S.A. (PIE);20210724;EOL.CV.BA.040611-2.01;BERNARDO.OLIVEIRA;20241213;BERNARDO.OLIVEIRA;20241213
Cabeço Preto III;26000;100% para Gestamp Eólica Agreste S.A (PIE);20161117;EOL.CV.RN.031015-8.01;BERNARDO.OLIVEIRA;20241213;BERNARDO.OLIVEIRA;20241213
Tanque;30000;100% para Centrais Eólicas Tanque S.A (PIE);20141011;EOL.CV.BA.030544-8.01;BERNARDO.OLIVEIRA;20241213;BERNARDO.OLIVEIRA;20241213
Ventos de Santa Luzia 01;45000;100% para VENTOS DE SÃO ROMUALDO ENERGIAS RENOVÁVEIS S.A. (PIE);20240210;EOL.CV.BA.049398-8.01;BERNARDO.OLIVEIRA;20241213;BERNARDO.OLIVEIRA;20241213
Assuruá 4 V;36000;100% para ASSURUA 4 V ENERGIA S.A (PIE);20230225;EOL.CV.BA.050467-0.01;BERNARDO.OLIVEIRA;20241213;BERNARDO.OLIVEIRA;20241213
Itarema IX;30000;100% para Eólica Itarema IX S.A (PIE);20160729;EOL.CV.CE.031814-0.01;BERNARDO.OLIVEIRA;20241213;BERNARDO.OLIVEIRA;20241213
Parque Eólico de Osório;50000;100% para Ventos do Sul Energia S.A (PIE);20060629;EOL.CV.RS.028810-1.01;BERNARDO.OLIVEIRA;20241213;BERNARDO.OLIVEIRA;20241213
Ventos de São Vitor 4;31000;100% para Ventos de São Vítor 04 Energias Renováveis S.A. (PIE);20231219;EOL.CV.BA.034656-0.01;BERNARDO.OLIVEIRA;20241213;BERNARDO.OLIVEIRA;20241213
Ventos de Santa Angela 09;44100;100% para ENEL GREEN POWER VENTOS DE SANTA ANGELA 09 S.A. (PIE);20201231;EOL.CV.PI.033013-2.01;BERNARDO.OLIVEIRA;20241213;BERNARDO.OLIVEIRA;20241213
Pedra do Reino;30000;100% para Eólica Pedra do Reino S.A. (PIE);20130204;EOL.CV.BA.030288-0.01;BERNARDO.OLIVEIRA;20241213;BERNARDO.OLIVEIRA;20241213
Afonso Bezerra I;29400;100% para AFONSO BEZERRA I GERAÇÃO DE ENERGIA SPE S.A (PIE);20220430;EOL.CV.RN.035158-0.01;BERNARDO.OLIVEIRA;20241213;BERNARDO.OLIVEIRA;20241213
Umbuzeiro;18900;100% para Centrais Eólicas Umbuzeiro S.A. (PIE);20220825;EOL.CV.BA.032111-7.01;BERNARDO.OLIVEIRA;20241213;BERNARDO.OLIVEIRA;20241213
Campo Largo IV;29700;100% para CLWP EÓLICA PARQUE IV S.A. (PIE);20180822;EOL.CV.BA.033629-7.01;BERNARDO.OLIVEIRA;20241213;BERNARDO.OLIVEIRA;20241213
Ventos de Santo Onofre II;30000;100% para Ventos de Santo Onofre II Energias Renováveis S.A. (PIE);20151218;EOL.CV.PI.031362-9.01;BERNARDO.OLIVEIRA;20241213;BERNARDO.OLIVEIRA;20241213
Santo Agostinho 21;31000;100% para Eólica Santo Agostinho 21 S.A. (PIE);20231115;EOL.CV.RN.033875-3.01;BERNARDO.OLIVEIRA;20241213;BERNARDO.OLIVEIRA;20241213
Ventos de Santa Eugênia 05;34200;100% para OSLO IV S/A. (PIE);20231220;EOL.CV.BA.038081-4.01;BERNARDO.OLIVEIRA;20241213;BERNARDO.OLIVEIRA;20241213
Coelhos II;4500;100% para Vale dos Ventos Geradora Eólica S.A (PIE);20090210;EOL.CV.PB.029090-4.01;BERNARDO.OLIVEIRA;20241213;BERNARDO.OLIVEIRA;20241213
Garrote;23100;100% para CENTRAL EOLICA GARROTE S.A. (PIE);20171201;EOL.CV.CE.035197-0.01;BERNARDO.OLIVEIRA;20241213;BERNARDO.OLIVEIRA;20241213
Potiguar B 32;48510;100% para EOL POTIGUAR B32 SPE S.A (PIE);20210512;EOL.CV.RN.040601-5.01;BERNARDO.OLIVEIRA;20241213;BERNARDO.OLIVEIRA;20241213
Canudos II;49700;100% para EOLICA CANUDOS II SPE S.A. (PIE);20231202;EOL.CV.BA.046758-8.01;BERNARDO.OLIVEIRA;20241213;BERNARDO.OLIVEIRA;20241213
Ventos de São Virgílio 03;19800;100% para Ventos de São Virgílio 03 Energias Renováveis S.A (PIE);20170929;EOL.CV.PI.032368-3.01;BERNARDO.OLIVEIRA;20241213;BERNARDO.OLIVEIRA;20241213
União dos Ventos 5;24000;100% para Morro dos Ventos Geradora Eólica S.A (PIE);20140408;EOL.CV.RN.030566-9.01;BERNARDO.OLIVEIRA;20241213;BERNARDO.OLIVEIRA;20241213
Delta 3 I (Antiga Ventos Maranhenses 1);27600;100% para DELTA 3 I ENERGIA S.A. (PIE);20170901;EOL.CV.MA.033682-3.01;BERNARDO.OLIVEIRA;20241213;BERNARDO.OLIVEIRA;20241213
Chuí V;30000;100% para Omega Geração S.A. (PIE);20150523;EOL.CV.RS.030760-2.01;BERNARDO.OLIVEIRA;20241213;BERNARDO.OLIVEIRA;20241213
Delfina II;28000;100% para Enel Green Power Delfina a Eolica S.A (PIE);20171102;EOL.CV.BA.032358-6.01;BERNARDO.OLIVEIRA;20241213;BERNARDO.OLIVEIRA;20241213
Oitis 5;49500;100% para OITIS 5 ENERGIA RENOVÁVEL S.A. (PIE);20220722;EOL.CV.PI.044364-6.01;BERNARDO.OLIVEIRA;20241213;BERNARDO.OLIVEIRA;20241213
Vila Piauí III;42000;100% para VILA PIAUÍ 3 EMPREENDIMENTOS E PARTICIPAÇÕES S.A. (PIE);20200708;EOL.CV.RN.036979-9.01;BERNARDO.OLIVEIRA;20241213;BERNARDO.OLIVEIRA;20241213
São Judas;29900;100% para Enel Green Power São Judas Eólica S.A (PIE);20171201;EOL.CV.BA.030725-4.01;BERNARDO.OLIVEIRA;20241213;BERNARDO.OLIVEIRA;20241213
Acauã III;16800;100% para CENTRAL EOLICA ACAUA III S.A. (PIE);20230829;EOL.CV.RN.033864-8.01;BERNARDO.OLIVEIRA;20241213;BERNARDO.OLIVEIRA;20241213
Ventos de Santa Martina 14;63000;100% para VENTOS DE SANTA SOFIA ENERGIAS RENOVÁVEIS S/A (PIE);20211119;EOL.CV.RN.038323-6.01;BERNARDO.OLIVEIRA;20241213;BERNARDO.OLIVEIRA;20241213
Taíba;5000;100% para EÓLICA TAÍBA PARTICIPAÇÕES LTDA (REG);19981209;EOL.CV.CE.002801-0.01;BERNARDO.OLIVEIRA;20241213;BERNARDO.OLIVEIRA;20241213
Pajeú do Vento;25600;100% para Centrais Eólicas Pajeú do Vento S.A (PIE);20140704;EOL.CV.BA.030319-4.01;BERNARDO.OLIVEIRA;20241213;BERNARDO.OLIVEIRA;20241213
Ventos de São Roque 18;49500;100% para ENEL GREEN POWER VENTOS DE SAO ROQUE 18 S.A. (PIE);20230125;EOL.CV.PI.038112-8.01;BERNARDO.OLIVEIRA;20241213;BERNARDO.OLIVEIRA;20241213
Calango 6;30000;100% para CALANGO 6 ENERGIA RENOVÁVEL S.A. (PIE);20161228;EOL.CV.RN.031812-4.01;BERNARDO.OLIVEIRA;20241213;BERNARDO.OLIVEIRA;20241213
Chafariz 3;34660;100% para Chafariz 3 Energia Renovável S.A. (PIE);20210925;EOL.CV.PB.034642-0.01;BERNARDO.OLIVEIRA;20241213;BERNARDO.OLIVEIRA;20241213
Cajuína A2 (Antiga Ventos de Santa Tereza 02);39900;100% para VENTOS DE SANTA TEREZA 02 ENERGIAS RENOVAVEIS S.A. (PIE);20230829;EOL.CV.RN.047236-0.01;BERNARDO.OLIVEIRA;20241213;BERNARDO.OLIVEIRA;20241213
Umburanas 11;15000;100% para Eólica Umburanas  11 S.A. (PIE);20190221;EOL.CV.BA.031744-6.01;BERNARDO.OLIVEIRA;20241213;BERNARDO.OLIVEIRA;20241213
Morro Branco II;31185;100% para Morro Branco II Energética S.A. (PIE);20220709;EOL.CV.BA.032417-5.01;BERNARDO.OLIVEIRA;20241213;BERNARDO.OLIVEIRA;20241213
Pedra Branca;30000;100% para Pedra Branca S.A. (PIE);20130302;EOL.CV.BA.030443-3.01;BERNARDO.OLIVEIRA;20241213;BERNARDO.OLIVEIRA;20241213
Ventos de Santa Brígida III;28900;100% para Ventos de Santa Brígida III Energias Renováveis S.A. (PIE);20151225;EOL.CV.PE.031354-8.01;BERNARDO.OLIVEIRA;20241213;BERNARDO.OLIVEIRA;20241213
Aura Mangueira VII;24000;100% para Santa Vitória do Palmar XI Energias Renováveis S.A (PIE);20161227;EOL.CV.RS.031805-1.01;BERNARDO.OLIVEIRA;20241213;BERNARDO.OLIVEIRA;20241213
OITIS 7;49500;100% para OITIS 7 ENERGIA RENOVÁVEL S.A. (PIE);20220722;EOL.CV.PI.044366-2.01;BERNARDO.OLIVEIRA;20241213;BERNARDO.OLIVEIRA;20241213
Ventos de Santa Martina 09;63000;100% para VENTOS DE SANTO ARTUR ENERGIAS RENOVÁVEIS S/A (PIE);20210619;EOL.CV.RN.038318-0.01;BERNARDO.OLIVEIRA;20241213;BERNARDO.OLIVEIRA;20241213
Asa Branca VI;32000;100% para Asa Branca VI Energias Renováveis Ltda (PIE);20141206;EOL.CV.RN.030520-0.01;BERNARDO.OLIVEIRA;20241213;BERNARDO.OLIVEIRA;20241213
Pelourinho;21840;100% para Centrais Eólicas Pelourinho S.A (PIE);20160101;EOL.CV.BA.030793-9.01;BERNARDO.OLIVEIRA;20241213;BERNARDO.OLIVEIRA;20241213
Ventos de São Roque 03;45600;100% para ENEL GREEN POWER VENTOS DE SAO ROQUE 03 S.A (PIE);20231019;EOL.CV.PI.038105-5.01;BERNARDO.OLIVEIRA;20241213;BERNARDO.OLIVEIRA;20241213
Boqueirão II;37800;100% para CENTRAL EOLICA BOQUEIRAO II S.A. (PIE);20230107;EOL.CV.RN.040818-2.01;BERNARDO.OLIVEIRA;20241213;BERNARDO.OLIVEIRA;20241213
Cacimbas 1;18900;100% para CENTRAL EOLICA CACIMBAS S.A. (PIE);20161220;EOL.CV.CE.032011-0.01;BERNARDO.OLIVEIRA;20241213;BERNARDO.OLIVEIRA;20241213
Salto;30000;100% para Salto Energia Eólica S.A. (PIE);20111202;EOL.CV.SC.029056-4.01;BERNARDO.OLIVEIRA;20241213;BERNARDO.OLIVEIRA;20241213
Umburanas 6;20000;100% para Eólica Umburanas  6 S.A. (PIE);20190321;EOL.CV.BA.031796-9.01;BERNARDO.OLIVEIRA;20241213;BERNARDO.OLIVEIRA;20241213
Jandaira I;10395;100% para JANDAÍRA I ENERGIAS RENOVÁVEIS S.A. (PIE);20221119;EOL.CV.RN.032870-7.01;BERNARDO.OLIVEIRA;20241213;BERNARDO.OLIVEIRA;20241213
Icaraí;16800;100% para Eólica Icaraí Geração e Comercialização de Energia S.A (PIE);20130629;EOL.CV.CE.030289-9.01;BERNARDO.OLIVEIRA;20241213;BERNARDO.OLIVEIRA;20241213
S SALVADOR;18900;100% para CENTRAIS EOLICAS SAO SALVADOR S.A EM RECUPERACAO JUDICIAL (PIE);20220518;EOL.CV.BA.031120-0.01;BERNARDO.OLIVEIRA;20241213;BERNARDO.OLIVEIRA;20241213
Esperança;28000;100% para Enel Green Power Esperança Eólica S.A. (PIE);20171221;EOL.CV.BA.031355-6.01;BERNARDO.OLIVEIRA;20241213;BERNARDO.OLIVEIRA;20241213
Serra do Seridó II;16500;100% para Parque Eólico Serra do Seridó II S.A. (PIE);20230701;EOL.CV.PB.035225-0.01;BERNARDO.OLIVEIRA;20241213;BERNARDO.OLIVEIRA;20241213
Paraíso dos Ventos do Nordeste;27300;100% para USINA DE ENERGIA EÓLICA PARAÍSO DOS VENTOS DO NORDESTE S/A (PIE);20190105;EOL.CV.RN.032355-1.01;BERNARDO.OLIVEIRA;20241213;BERNARDO.OLIVEIRA;20241213
Ventos de Santa Luzia 03;45000;100% para VENTOS DE SÃO TEONAS ENERGIAS RENOVÁVEIS S.A. (PIE);20240402;EOL.CV.BA.049416-0.01;BERNARDO.OLIVEIRA;20241213;BERNARDO.OLIVEIRA;20241213
Ventos da Santa Beatriz;27300;100% para CENTRAL EOLICA BABILONIA II S.A. (PIE);20181124;EOL.CV.BA.034738-8.01;BERNARDO.OLIVEIRA;20241213;BERNARDO.OLIVEIRA;20241213
Chafariz 4;34650;100% para CHAFARIZ 4 ENERGIA RENOVÁVEL S.A. (PIE);20211021;EOL.CV.PB.034644-6.01;BERNARDO.OLIVEIRA;20241213;BERNARDO.OLIVEIRA;20241213
Volta do Rio;42000;100% para CENTRAL EOLICA VOLTA DO RIO S/A (PIE);20100903;EOL.CV.CE.028441-6.01;BERNARDO.OLIVEIRA;20241213;BERNARDO.OLIVEIRA;20241213
Bons Ventos Cacimbas 7;16800;100% para GERADORA EÓLICA BONS VENTOS DA SERRA 2 S.A (PIE);20180616;EOL.CV.CE.031611-3.01;BERNARDO.OLIVEIRA;20241213;BERNARDO.OLIVEIRA;20241213
Monte Verde VI;46200;100% para CENTRAL EOLICA MONTE VERDE VI S.A (PIE);20230106;EOL.CV.RN.040585-0.01;BERNARDO.OLIVEIRA;20241213;BERNARDO.OLIVEIRA;20241213
Afonso Bezerra III;29400;100% para AFONSO BEZERRA III GERAÇÃO DE ENERGIA SPE S.A. (PIE);20220503;EOL.CV.RN.035160-1.01;BERNARDO.OLIVEIRA;20241213;BERNARDO.OLIVEIRA;20241213
Santo Cristo;27000;100% para USINA DE ENERGIA EOLICA SANTO CRISTO SPE S.A (PIE);20170617;EOL.CV.RN.030849-8.01;BERNARDO.OLIVEIRA;20241213;BERNARDO.OLIVEIRA;20241213
Verace 25;7160;100% para Omega Geração S.A. (PIE);20151126;EOL.CV.RS.031541-9.01;BERNARDO.OLIVEIRA;20241213;BERNARDO.OLIVEIRA;20241213
Campo Largo VII;29700;100% para CLWP EÓLICA PARQUE VII S.A. (PIE);20180704;EOL.CV.BA.033632-7.01;BERNARDO.OLIVEIRA;20241213;BERNARDO.OLIVEIRA;20241213
Ventos de São Januário 05;42000;100% para PARQUE EÓLICO VENTOS DE SÃO JANUÁRIO 05 S.A (PIE);20201203;EOL.CV.BA.032644-5.01;BERNARDO.OLIVEIRA;20241213;BERNARDO.OLIVEIRA;20241213
Santo Agostinho 26;43400;100% para Eólica Santo Agostinho 26 S.A. (PIE);20231004;EOL.CV.RN.035215-2.01;BERNARDO.OLIVEIRA;20241213;BERNARDO.OLIVEIRA;20241213
Assuruá 5 IV;46400;28.6170% para MANAUS AMBIENTAL S.A. (PIE) 21.7630% para AGUAS GUARIROBA SA (PIE) 13.6620% para AGUAS DE TERESINA SANEAMENTO SPE S.A. (PIE) 11.2000% para ASSURUÁ 5 ENERGIA S.A. (PIE) 8.3080% para RIO NEGRO AMBIENTAL CAPTACAO TRATAMENTO E DISTRIBUICAO DE;20230916;EOL.CV.BA.051787-9.01;BERNARDO.OLIVEIRA;20241213;BERNARDO.OLIVEIRA;20241213
Campo Largo XI;16800;100% para CLWP EÓLICA PARQUE XI S.A. (PIE);20210902;EOL.CV.BA.034625-0.01;BERNARDO.OLIVEIRA;20241213;BERNARDO.OLIVEIRA;20241213
Ventos de Santo Adriano;10800;100% para Central Eólica Colibri Ltda. (PIE);20170718;EOL.CV.PI.031271-1.01;BERNARDO.OLIVEIRA;20241213;BERNARDO.OLIVEIRA;20241213
Camilo Pontes IV (Antiga Renascença IV);30000;100% para Energisa Geração - Central Eólica Renascença IV S.A (PIE);20141224;EOL.CV.RN.030551-0.01;BERNARDO.OLIVEIRA;20241213;BERNARDO.OLIVEIRA;20241213
Parque Eólico de Palmares;9200;100% para Parques Eólicos Palmares S.A. (PIE);20101229;EOL.CV.RS.028855-1.01;BERNARDO.OLIVEIRA;20241213;BERNARDO.OLIVEIRA;20241213
Ventos de São Vitor 9;31000;100% para Ventos de São Vítor 09 Energias Renováveis S.A. (PIE);20240405;EOL.CV.BA.034849-0.01;BERNARDO.OLIVEIRA;20241213;BERNARDO.OLIVEIRA;20241213
Ventos de Santa Angela 17;47250;100% para ENEL GREEN POWER VENTOS DE SANTA ÂNGELA 17 S.A. (PIE);20210407;EOL.CV.PI.033021-3.01;BERNARDO.OLIVEIRA;20241213;BERNARDO.OLIVEIRA;20241213
Ventos de São Vicente 14;29400;100% para Ventos de Santo Afonso Energias Renováveis S.A. (PIE);20170802;EOL.CV.PI.033138-4.01;BERNARDO.OLIVEIRA;20241213;BERNARDO.OLIVEIRA;20241213
Catanduba RN II;49500;100% para CENTRAL EOLICA CATANDUBA II S.A. (PIE);20240412;EOL.CV.RN.043219-9.01;BERNARDO.OLIVEIRA;20241213;BERNARDO.OLIVEIRA;20241213
Ventos de Santa Esperança 08;25200;100% para ENEL GREEN POWER VENTOS DE SANTA ESPERANCA 8 S.A. (PIE);20220202;EOL.CV.BA.034661-6.01;BERNARDO.OLIVEIRA;20241213;BERNARDO.OLIVEIRA;20241213
Ventos de Santa Joana XI;29600;100% para Ventos de Santa Joana XI Energias Renováveis S.A (PIE);20150709;EOL.CV.PI.031388-2.01;BERNARDO.OLIVEIRA;20241213;BERNARDO.OLIVEIRA;20241213
Nossa Senhora de Fátima;30000;100% para ENERGIA DOS VENTOS VI S.A (PIE);20200602;EOL.CV.CE.030930-3.01;BERNARDO.OLIVEIRA;20241213;BERNARDO.OLIVEIRA;20241213
Vila Sergipe III;16800;100% para VILA SERGIPE 3 EMPREENDIMENTOS E PARTICIPAÇÕES S.A. (PIE);20200609;EOL.CV.RN.038144-6.01;BERNARDO.OLIVEIRA;20241213;BERNARDO.OLIVEIRA;20241213
Ventos de Santa Eugênia 11;28500;100% para OSLO VIII S/A. (PIE);20231220;EOL.CV.BA.038087-3.01;BERNARDO.OLIVEIRA;20241213;BERNARDO.OLIVEIRA;20241213
Ventos de São Clemente 2;31365;100% para Ventos de São Clemente II Energias Renováveis S.A (PIE);20160525;EOL.CV.PE.031819-1.01;BERNARDO.OLIVEIRA;20241213;BERNARDO.OLIVEIRA;20241213
Anemus Wind 2;46200;100% para Anemus Wind 2 Participações S.A. (PIE);20230510;EOL.CV.RN.034499-0.01;BERNARDO.OLIVEIRA;20241213;BERNARDO.OLIVEIRA;20241213
Lagoa do Mato;3230;100% para Rosa dos Ventos Geração e Comercialização de Energia S.A. (PIE);20090116;EOL.CV.CE.028652-4.01;BERNARDO.OLIVEIRA;20241213;BERNARDO.OLIVEIRA;20241213
União dos Ventos 13;18900;100% para Ventos de Santo Antonio Geradora Eólica S.A (PIE);20180127;EOL.CV.RN.031697-0.01;BERNARDO.OLIVEIRA;20241213;BERNARDO.OLIVEIRA;20241213
Guanambi;20800;100% para Centrais Eólicas Guanambi LTDA. (PIE);20140704;EOL.CV.BA.030328-3.01;BERNARDO.OLIVEIRA;20241213;BERNARDO.OLIVEIRA;20241213
Ventos de São Roque 22;45600;100% para ENEL GREEN POWER VENTOS DE SAO ROQUE 22 S.A. (PIE);20231219;EOL.CV.PI.038116-0.01;BERNARDO.OLIVEIRA;20241213;BERNARDO.OLIVEIRA;20241213
Chafariz 7;34650;100% para CHAFARIZ 7 ENERGIA RENOVÁVEL S.A. (PIE);20210729;EOL.CV.PB.037958-1.01;BERNARDO.OLIVEIRA;20241213;BERNARDO.OLIVEIRA;20241213
Carnaúbas;27000;100% para USINA DE ENERGIA EOLICA CARNAUBA SPE S.A (PIE);20170617;EOL.CV.RN.030831-5.01;BERNARDO.OLIVEIRA;20241213;BERNARDO.OLIVEIRA;20241213
Delta 3 VI (Antiga Ventos do Norte 13);27600;100% para DELTA 3 VI ENERGIA S.A. (PIE);20170713;EOL.CV.MA.033673-4.01;BERNARDO.OLIVEIRA;20241213;BERNARDO.OLIVEIRA;20241213
Verace X;28000;100% para Omega Geração S.A. (PIE);20150224;EOL.CV.RS.030749-1.01;BERNARDO.OLIVEIRA;20241213;BERNARDO.OLIVEIRA;20241213
Pau D'Água;18000;100% para Centrais Eólicas Pau D'Água S.A (PIE);20221124;EOL.CV.BA.032246-6.01;BERNARDO.OLIVEIRA;20241213;BERNARDO.OLIVEIRA;20241213
Delfina III;28000;100% para Enel Green Power Delfina B Eólica S.A. (PIE);20171102;EOL.CV.BA.032521-0.01;BERNARDO.OLIVEIRA;20241213;BERNARDO.OLIVEIRA;20241213
Ventos de Santa Brígida V;28900;100% para Ventos de Santa Brígida V Energias Renováveis S.A. (PIE);20151225;EOL.CV.PE.031346-7.01;BERNARDO.OLIVEIRA;20241213;BERNARDO.OLIVEIRA;20241213
Passagem;51300;100% para ELAWAN EOLICA PASSAGEM S/A (PIE);;EOL.CV.RN.034612-8.01;BERNARDO.OLIVEIRA;20241213;BERNARDO.OLIVEIRA;20241213
Ararinha Azul;21150;100% para EÓLICA PINDAÍ III GERAÇÃO DE ENERGIA LTDA (PIE);20210427;EOL.CV.BA.037001-0.01;BERNARDO.OLIVEIRA;20241213;BERNARDO.OLIVEIRA;20241213
São Miguel II;21000;100% para CENTRAL GERADORA EÓLICA SÃO MIGUEL II SA (PIE);20190202;EOL.CV.RN.033645-9.01;BERNARDO.OLIVEIRA;20241213;BERNARDO.OLIVEIRA;20241213
Renascença V;30000;100% para Renascença V Energias Renováveis S.A (PIE);20150101;EOL.CV.RN.030497-2.01;BERNARDO.OLIVEIRA;20241213;BERNARDO.OLIVEIRA;20241213
RN 15 - Rio do Fogo;49300;100% para ENERGIAS RENOVÁVEIS DO BRASIL S/A (PIE);20060715;EOL.CV.RN.028424-6.01;BERNARDO.OLIVEIRA;20241213;BERNARDO.OLIVEIRA;20241213
Ventos de Santa Esperança 26;46200;100% para ENEL GREEN POWER VENTOS DE SANTA ESPERANCA 26 S.A (PIE);20211113;EOL.CV.BA.034514-8.01;BERNARDO.OLIVEIRA;20241213;BERNARDO.OLIVEIRA;20241213
Ventos de Santo Estevão V;27600;100% para Ventos de Santo Estevão V Energias Renováveis S.A (PIE);20161213;EOL.CV.PE.031764-0.01;BERNARDO.OLIVEIRA;20241213;BERNARDO.OLIVEIRA;20241213
Pau Ferro;30550;100% para Enel Green Power Pau Ferro Eólica S.A (PIE);20150204;EOL.CV.PE.030805-6.01;BERNARDO.OLIVEIRA;20241213;BERNARDO.OLIVEIRA;20241213
Cajuína A7 (Antiga Ventos de Santa Tereza 14);45600;100% para VENTOS DE SANTA TEREZA 14 ENERGIAS RENOVAVEIS S.A. (PIE);20230705;EOL.CV.RN.047198-4.01;BERNARDO.OLIVEIRA;20241213;BERNARDO.OLIVEIRA;20241213
Atlântica IV;30000;100% para Atlântica IV Parque Eólico S.A (PIE);20140322;EOL.CV.RS.030461-1.01;BERNARDO.OLIVEIRA;20241213;BERNARDO.OLIVEIRA;20241213
Ventos de São Januário 22;50400;100% para VENTOS DE SANTO ELOY ENERGIAS RENOVÁVEIS S/A (PIE);20200731;EOL.CV.BA.037104-1.01;BERNARDO.OLIVEIRA;20241213;BERNARDO.OLIVEIRA;20241213
Ventos de São Vicente 11;29400;100% para Ventos de Santa Albertina Energias Renováveis S.A. (PIE);20171109;EOL.CV.PI.033141-4.01;BERNARDO.OLIVEIRA;20241213;BERNARDO.OLIVEIRA;20241213
Colônia;18900;100% para CENTRAL GERADORA EOLICA COLONIA S.A. (PIE);20140619;EOL.CV.CE.030295-3.01;BERNARDO.OLIVEIRA;20241213;BERNARDO.OLIVEIRA;20241213
VTOS STA EUGENIA 07;17100;100% para OSLO II S/A. (PIE);20221222;EOL.CV.BA.038083-0.01;BERNARDO.OLIVEIRA;20241213;BERNARDO.OLIVEIRA;20241213
Ventos de Campo Formoso II;30000;100% para Campo Formoso II Energias Renováveis S.A (PIE);20151208;EOL.CV.BA.031010-7.01;BERNARDO.OLIVEIRA;20241213;BERNARDO.OLIVEIRA;20241213
Ventos de São Januário 06;37800;100% para PARQUE EÓLICO VENTOS DE SÃO JANUÁRIO 06 S.A (PIE);20201130;EOL.CV.BA.033523-1.01;BERNARDO.OLIVEIRA;20241213;BERNARDO.OLIVEIRA;20241213
Caiçara II;18000;100% para USINA DE ENERGIA EOLICA CAICARA II SPE S.A. (PIE);20151209;EOL.CV.RN.030915-0.02;BERNARDO.OLIVEIRA;20241213;BERNARDO.OLIVEIRA;20241213
Ventos de Santa Luzia 05;40500;100% para VENTOS DE SÃO TILÃO ENERGIAS RENOVÁVEIS S.A. (PIE);20240416;EOL.CV.BA.049418-6.01;BERNARDO.OLIVEIRA;20241213;BERNARDO.OLIVEIRA;20241213
Assuruá 5 III;40600;73.9000% para CARGILL AGRICOLA S A (PIE) 24% para ASSURUÁ 5 ENERGIA S.A. (PIE) 2.1000% para CARGILL ALIMENTOS LTDA (PIE);20230706;EOL.CV.BA.051786-0.01;BERNARDO.OLIVEIRA;20241213;BERNARDO.OLIVEIRA;20241213
Ventos de Santa Aurora;27300;100% para CENTRAL EOLICA BABILONIA IV S.A. (PIE);20181124;EOL.CV.BA.034742-6.01;BERNARDO.OLIVEIRA;20241213;BERNARDO.OLIVEIRA;20241213
Ventos de Santa Bárbara;29700;100% para Central Geradora Eólica Aristarco S.A. (PIE);20170526;EOL.CV.PI.031274-6.01;BERNARDO.OLIVEIRA;20241213;BERNARDO.OLIVEIRA;20241213
Alegria I;51000;100% para New Energy Options Geração de Energia S.A (PIE);20101230;EOL.CV.RN.028444-0.01;BERNARDO.OLIVEIRA;20241213;BERNARDO.OLIVEIRA;20241213
Amescla;13500;100% para Centrais Eólicas Amescla S.A. (PIE);20221101;EOL.CV.BA.032090-0.01;BERNARDO.OLIVEIRA;20241213;BERNARDO.OLIVEIRA;20241213
Ventos de Santa Angela 15;43500;100% para ENEL GREEN POWER VENTOS DE SANTA ANGELA 15 S.A. (PIE);20210327;EOL.CV.PI.033019-1.01;BERNARDO.OLIVEIRA;20241213;BERNARDO.OLIVEIRA;20241213
Pelado;20000;100% para Gestamp Eólica Paraíso S.A. (PIE);20160220;EOL.CV.RN.030856-0.01;BERNARDO.OLIVEIRA;20241213;BERNARDO.OLIVEIRA;20241213
Morro dos Ventos VI;28800;100% para Desa Morro dos Ventos VI S.A (PIE);20140329;EOL.CV.RN.030300-3.01;BERNARDO.OLIVEIRA;20241213;BERNARDO.OLIVEIRA;20241213
Verace 27;16110;100% para Omega Geração S.A. (PIE);20151126;EOL.CV.RS.031600-8.01;BERNARDO.OLIVEIRA;20241213;BERNARDO.OLIVEIRA;20241213
Ventos da Bahia XXVII;49500;100% para PARQUE EÓLICO VENTOS DA BAHIA XXVII S.A. (PIE);20220205;EOL.CV.BA.034889-9.01;BERNARDO.OLIVEIRA;20241213;BERNARDO.OLIVEIRA;20241213
Assuruá III;12500;100% para Parque Eólico Assuruá III S.A (PIE);20180421;EOL.CV.BA.032342-0.01;BERNARDO.OLIVEIRA;20241213;BERNARDO.OLIVEIRA;20241213
Ventos de Santa Joana XV;28900;100% para Ventos de Santa Joana XV Energias Renováveis S.A (PIE);20150709;EOL.CV.PI.031416-1.01;BERNARDO.OLIVEIRA;20241213;BERNARDO.OLIVEIRA;20241213
Santo Agostinho 3;12400;100% para Eólica Santo Agostinho 3 S.A. (PIE);20240405;EOL.CV.RN.033834-6.01;BERNARDO.OLIVEIRA;20241213;BERNARDO.OLIVEIRA;20241213
Dois Riachos;30000;100% para Enel Green Power Dois Riachos Eólica S.A. (PIE);20151114;EOL.CV.BA.031121-9.01;BERNARDO.OLIVEIRA;20241213;BERNARDO.OLIVEIRA;20241213
Campo Largo XIX;33600;100% para CLWP EÓLICA PARQUE XIX S.A. (PIE);20210521;EOL.CV.BA.034645-4.01;BERNARDO.OLIVEIRA;20241213;BERNARDO.OLIVEIRA;20241213
Presidente;4500;100% para Vale dos Ventos Geradora Eólica S.A (PIE);20090114;EOL.CV.PB.029083-1.01;BERNARDO.OLIVEIRA;20241213;BERNARDO.OLIVEIRA;20241213
União dos Ventos 14;21000;100% para Ventos do Canto de Baixo Geradora Eólica S.A. (PIE);20180126;EOL.CV.RN.031643-1.01;BERNARDO.OLIVEIRA;20241213;BERNARDO.OLIVEIRA;20241213
Coxilha Negra 3;105000;100% para COMPANHIA DE GERACAO E TRANSMISSAO DE ENERGIA ELETRICA DO SUL DO BRASIL - ELETROBRAS CGT ELETROSUL (PIE);;EOL.CV.RS.032237-7.01;BERNARDO.OLIVEIRA;20241213;BERNARDO.OLIVEIRA;20241213
Cerro Chato III (Antiga Coxilha Negra VII);30000;100% para Companhia De Geração e Transmissão de Energia Elétrica do Sul do Brasil - ELETROBRAS CGT ELETROSUL (PIE);20110607;EOL.CV.RS.030350-0.01;BERNARDO.OLIVEIRA;20241213;BERNARDO.OLIVEIRA;20241213
Ventos da Bahia II;27000;100% para PARQUE EÓLICO ALTO DO BONITO S.A. (PIE);20170921;EOL.CV.BA.031758-6.01;BERNARDO.OLIVEIRA;20241213;BERNARDO.OLIVEIRA;20241213
União dos Ventos 1;22400;100% para Energia Potiguar Geradora Eólica S.A (PIE);20140405;EOL.CV.RN.030562-6.01;BERNARDO.OLIVEIRA;20241213;BERNARDO.OLIVEIRA;20241213
Delta 3 V (Antiga Ventos do Norte 15);27600;100% para DELTA 3 V ENERGIA S.A. (PIE);20170720;EOL.CV.MA.033675-0.01;BERNARDO.OLIVEIRA;20241213;BERNARDO.OLIVEIRA;20241213
Verace V;30000;100% para Omega Geração S.A. (PIE);20150224;EOL.CV.RS.030829-3.01;BERNARDO.OLIVEIRA;20241213;BERNARDO.OLIVEIRA;20241213
Aura Lagoa do Barro 01;27000;100% para Lagoa do Barro I Energias Renováveis S.A (PIE);20181027;EOL.CV.PI.033621-1.01;BERNARDO.OLIVEIRA;20241213;BERNARDO.OLIVEIRA;20241213
Vila Ceará I;31950;100% para VENTOS DE VILA PARAÍBA IV SPE S.A (PIE);20201219;EOL.CV.RN.036980-2.01;BERNARDO.OLIVEIRA;20241213;BERNARDO.OLIVEIRA;20241213
Cabeço Preto VI;18000;100% para Gestamp Eólica Alvorada S.A. (PIE);20161119;EOL.CV.RN.030900-1.01;BERNARDO.OLIVEIRA;20241213;BERNARDO.OLIVEIRA;20241213
Ventos de Santa Eugênia 13;45600;100% para OSLO X S/A. (PIE);20231230;EOL.CV.BA.038089-0.01;BERNARDO.OLIVEIRA;20241213;BERNARDO.OLIVEIRA;20241213
Aroeira 1;47300;100% para Enel Green Power Aroeira 01 S.A. (PIE);20231220;EOL.CV.BA.044940-7.01;BERNARDO.OLIVEIRA;20241213;BERNARDO.OLIVEIRA;20241213
Ventos de São Clemente 4;31365;100% para Ventos de São Clemente IV Energias Renováveis S.A (PIE);20160525;EOL.CV.PE.031821-3.01;BERNARDO.OLIVEIRA;20241213;BERNARDO.OLIVEIRA;20241213
Campo dos Ventos II;30000;100% para CAMPO DOS VENTOS II ENERGIAS RENOVÁVEIS S.A. (PIE);20141204;EOL.CV.RN.030500-6.01;BERNARDO.OLIVEIRA;20241213;BERNARDO.OLIVEIRA;20241213
Serra do Salto;19200;100% para CENTRAIS EÓLICAS SERRA DO SALTO LTDA. (PIE);20140704;EOL.CV.BA.030314-3.01;BERNARDO.OLIVEIRA;20241213;BERNARDO.OLIVEIRA;20241213
Ventos de São Roque 29;34200;100% para ENEL GREEN POWER VENTOS DE SAO ROQUE 29 S.A. (PIE);20240406;EOL.CV.PI.038123-3.01;BERNARDO.OLIVEIRA;20241213;BERNARDO.OLIVEIRA;20241213
Ventos de Santo Estevão III;29900;100% para Ventos de Santo Estevão III Energias Renováveis S.A (PIE);20161209;EOL.CV.PE.031763-2.01;BERNARDO.OLIVEIRA;20241213;BERNARDO.OLIVEIRA;20241213
Lagoa 4;20790;100% para LAGOA 4 ENERGIA RENOVÁVEL S.A. (PIE);20211203;EOL.CV.PB.038030-0.01;BERNARDO.OLIVEIRA;20241213;BERNARDO.OLIVEIRA;20241213
Pedra Pintada II;49500;100% para USINA EÓLICA PEDRA PINTADA B LTDA. (PIE);20240727;EOL.CV.BA.049143-8.01;BERNARDO.OLIVEIRA;20241213;BERNARDO.OLIVEIRA;20241213
Pedra do Reino V;16000;100% para EÓLICA PEDRA DO REINO V S.A. (PIE);20220319;EOL.CV.BA.037069-0.01;BERNARDO.OLIVEIRA;20241213;BERNARDO.OLIVEIRA;20241213
Ventos de Santo Onofre I;30000;100% para Ventos de Santo Onofre I Energias Renováveis S.A. (PIE);20151218;EOL.CV.PI.031364-5.01;BERNARDO.OLIVEIRA;20241213;BERNARDO.OLIVEIRA;20241213
Taíba Andorinha;14700;100% para CENTRAL GERADORA EOLICA TAIBA ANDORINHA S.A. (PIE);20140619;EOL.CV.CE.030373-9.01;BERNARDO.OLIVEIRA;20241213;BERNARDO.OLIVEIRA;20241213
Umburanas 17;22500;100% para Eólica Umburanas  17 S.A. (PIE);20190206;EOL.CV.BA.033634-3.01;BERNARDO.OLIVEIRA;20241213;BERNARDO.OLIVEIRA;20241213
Ventos de Santa Joana VII;28900;100% para VENTOS DE SANTA JOANA VII ENERGIAS RENOVÁVEIS S.A (PIE);20160130;EOL.CV.PI.031597-4.01;BERNARDO.OLIVEIRA;20241213;BERNARDO.OLIVEIRA;20241213
Serra do Seridó XVII;34800;100% para PARQUE EOLICO SERRA DO SERIDO XVII S.A. (PIE);20240612;EOL.CV.PB.051575-2.1;BERNARDO.OLIVEIRA;20241213;BERNARDO.OLIVEIRA;20241213
Parque Eólico de Beberibe;25600;100% para EÓLICA BEBERIBE S.A. (PIE);20080911;EOL.CV.CE.028174-3.01;BERNARDO.OLIVEIRA;20241213;BERNARDO.OLIVEIRA;20241213
Macaúbas;35070;100% para MACAÚBAS ENERGÉTICA S.A. (PIE);20120706;EOL.CV.BA.030283-0.01;BERNARDO.OLIVEIRA;20241213;BERNARDO.OLIVEIRA;20241213
Ventos de Santa Esperança 22;46200;100% para ENEL GREEN POWER VENTOS DE SANTA ESPERANÇA 22 S.A. (PIE);20211230;EOL.CV.BA.034512-1.01;BERNARDO.OLIVEIRA;20241213;BERNARDO.OLIVEIRA;20241213
Cajuína B12 (Antiga Ventos de Santa Tereza 04);39900;100% para VENTOS DE SANTA TEREZA 04 ENERGIAS RENOVAVEIS S.A. (PIE);20231223;EOL.CV.RN.047238-7.01;BERNARDO.OLIVEIRA;20241213;BERNARDO.OLIVEIRA;20241213
Modelo II;25850;100% para Enel Green Power Modelo II Eólica S.A (PIE);20141023;EOL.CV.RN.030788-2.01;BERNARDO.OLIVEIRA;20241213;BERNARDO.OLIVEIRA;20241213
REB Cassino I;22000;100% para EOL Vento Energias Renováveis S.A (PIE);20150114;EOL.CV.RS.030469-7.01;BERNARDO.OLIVEIRA;20241213;BERNARDO.OLIVEIRA;20241213
Ventos de São Vicente 13;29400;100% para Ventos de São Adeodato Energias Renováveis S.A. (PIE);20170919;EOL.CV.PI.033139-2.01;BERNARDO.OLIVEIRA;20241213;BERNARDO.OLIVEIRA;20241213
Oeste Serido V;22500;100% para CENTRAL GERADORA EÓLICA SERIDÓ V S.A. (PIE);20240105;EOL.CV.RN.047166-6.01;BERNARDO.OLIVEIRA;20241213;BERNARDO.OLIVEIRA;20241213
Coxilha Seca;30000;100% para Companhia De Geração e Transmissão de Energia Elétrica do Sul do Brasil - ELETROBRAS CGT ELETROSUL (PIE);20151222;EOL.CV.RS.031487-0.01;BERNARDO.OLIVEIRA;20241213;BERNARDO.OLIVEIRA;20241213
Ventos da Bahia XIII;49500;100% para PARQUE EÓLICO VENTOS DA BAHIA XIII S.A. (PIE);20211215;EOL.CV.BA.032535-0.01;BERNARDO.OLIVEIRA;20241213;BERNARDO.OLIVEIRA;20241213
VSAOROQUE16953269;49500;100% para ENEL GREEN POWER VENTOS DE SAO ROQUE 16 S.A. (PIE);20221008;EOL.CV.PI.038110-1.01;BERNARDO.OLIVEIRA;20241213;BERNARDO.OLIVEIRA;20241213
Calango 5;30000;100% para CALANGO 5 ENERGIA RENOVÁVEL S/A. (PIE);20160130;EOL.CV.RN.030552-9.01;BERNARDO.OLIVEIRA;20241213;BERNARDO.OLIVEIRA;20241213
Ventos de São Januário 17;72000;100% para Ventos de São Júlio I Energias Renováveis S.A. (PIE);20221209;EOL.CV.BA.033548-7.01;BERNARDO.OLIVEIRA;20241213;BERNARDO.OLIVEIRA;20241213
Ventos de Vila Paraíba II (Antiga Vila Paraíba II);34650;100% para VENTOS DE VILA PARAÍBA II SPE S.A (PIE);20200410;EOL.CV.RN.036985-3.01;BERNARDO.OLIVEIRA;20241213;BERNARDO.OLIVEIRA;20241213
AW São João;25200;100% para EÓLICA DO AGRESTE POTIGUAR I S.A. (PIE);20230721;EOL.CV.RN.032080-3.01;BERNARDO.OLIVEIRA;20241213;BERNARDO.OLIVEIRA;20241213
Ventos de São Martinho;14700;100% para Ventos de São Martinho Energias Renováveis S.A. (PIE);20161104;EOL.CV.RN.031412-9.01;BERNARDO.OLIVEIRA;20241213;BERNARDO.OLIVEIRA;20241213
Campo Belo;10500;100% para Campo Belo Energia Eólica S.A. (PIE);20111115;EOL.CV.SC.029065-3.01;BERNARDO.OLIVEIRA;20241213;BERNARDO.OLIVEIRA;20241213
Imburana Macho;16200;100% para Centrais Eólicas Imburana Macho S.A. (PIE);20221201;EOL.CV.BA.032102-8.01;BERNARDO.OLIVEIRA;20241213;BERNARDO.OLIVEIRA;20241213
Ventos de São Januário 13;42000;100% para PARQUE EÓLICO VENTOS DE SÃO JANUÁRIO 13 S.A (PIE);20200904;EOL.CV.BA.033532-0.01;BERNARDO.OLIVEIRA;20241213;BERNARDO.OLIVEIRA;20241213
Areia Branca;27300;100% para Eólica Bela Vista Geração e Comercialização de Energia S.A (PIE);20140218;EOL.CV.RN.030340-2.01;BERNARDO.OLIVEIRA;20241213;BERNARDO.OLIVEIRA;20241213
Verace 29;17900;100% para Omega Geração S.A. (PIE);20151216;EOL.CV.RS.031557-5.01;BERNARDO.OLIVEIRA;20241213;BERNARDO.OLIVEIRA;20241213
Curral de Pedras I;20000;100% para Parque Eólico Curral de Pedras I S.A (PIE);20180412;EOL.CV.BA.032345-4.01;BERNARDO.OLIVEIRA;20241213;BERNARDO.OLIVEIRA;20241213
Serra da Babilônia C;25500;100% para EÓLICA SDB C S.A. (PIE);20210621;EOL.CV.BA.040609-0.01;BERNARDO.OLIVEIRA;20241213;BERNARDO.OLIVEIRA;20241213
Dreen Olho D Água;30000;100% para GE OLHO D'ÁGUA S/A (PIE);20150225;EOL.CV.RN.030549-9.01;BERNARDO.OLIVEIRA;20241213;BERNARDO.OLIVEIRA;20241213
Aura Caetité 02;36000;100% para TANQUE NOVO V ENERGIAS RENOVAVEIS S.A. (PIE);20230505;EOL.CV.BA.044960-1.01;BERNARDO.OLIVEIRA;20241213;BERNARDO.OLIVEIRA;20241213
Vila Pará I;27000;100% para USINA DE ENERGIA EÓLICA VILA PARÁ I SPE S.A. (PIE);20160910;EOL.CV.RN.031759-4.01;BERNARDO.OLIVEIRA;20241213;BERNARDO.OLIVEIRA;20241213
Trairí;25388;100% para Central Eólica Trairí S.A (PIE);20131122;EOL.CV.CE.030662-2.01;BERNARDO.OLIVEIRA;20241213;BERNARDO.OLIVEIRA;20241213
Fazenda Rosário 3;16100;100% para Parques Eólicos Palmares S.A. (PIE);20110630;EOL.CV.RS.030334-8.01;BERNARDO.OLIVEIRA;20241213;BERNARDO.OLIVEIRA;20241213
Ventos de Santa Esperança 17;42000;100% para ENEL GREEN POWER VENTOS DE SANTA ESPERANÇA 17 S.A. (PIE);20211113;EOL.CV.BA.034509-1.01;BERNARDO.OLIVEIRA;20241213;BERNARDO.OLIVEIRA;20241213
Ventos de São Zacarias 05;45600;100% para VENTOS DE SAO ZACARIAS 05 ENERGIAS RENOVAVEIS S.A. (PIE);20241002;EOL.CV.PI.038130-6.01;BERNARDO.OLIVEIRA;20241213;BERNARDO.OLIVEIRA;20241213
Santa Clara III;30000;100% para SANTA CLARA III ENERGIAS RENOVÁVEIS LTDA (PIE);20140329;EOL.CV.RN.030293-7.01;BERNARDO.OLIVEIRA;20241213;BERNARDO.OLIVEIRA;20241213
Pedra Cheirosa;25200;100% para PEDRA CHEIROSA I ENERGIA S.A. (PIE);20170627;EOL.CV.CE.031736-5.01;BERNARDO.OLIVEIRA;20241213;BERNARDO.OLIVEIRA;20241213
Corrupião 3;10000;100% para Companhia Hidro Elétrica do São Francisco (PIE);20200213;EOL.CV.BA.031458-7.01;BERNARDO.OLIVEIRA;20241213;BERNARDO.OLIVEIRA;20241213
Serra da Mangabeira;79800;100% para SERRA DA MANGABEIRA S/A. (PIE);20240328;EOL.CV.BA.044878-8.01;BERNARDO.OLIVEIRA;20241213;BERNARDO.OLIVEIRA;20241213
Ventos de Santo Alderico;39600;100% para VENTOS DE SANTO ALDERICO ENERGIAS RENOVÁVEIS S/A (PIE);20220902;EOL.CV.PI.048512-8.01;BERNARDO.OLIVEIRA;20241213;BERNARDO.OLIVEIRA;20241213
Santa Catarina;18900;100% para Energia dos Ventos III S.A (PIE);20181222;EOL.CV.CE.030924-9.01;BERNARDO.OLIVEIRA;20241213;BERNARDO.OLIVEIRA;20241213
Serra da Babilônia VI;25850;100% para EÓLICA SERRA DA BABILÔNIA VI S.A (PIE);20181212;EOL.CV.BA.032466-3.01;BERNARDO.OLIVEIRA;20241213;BERNARDO.OLIVEIRA;20241213
Ventos de São Clemente 6;27675;100% para Ventos de São Clemente VI Energias Renováveis S.A (PIE);20160525;EOL.CV.PE.031823-0.01;BERNARDO.OLIVEIRA;20241213;BERNARDO.OLIVEIRA;20241213
Ventos de Santa Leia 01;67500;100% para VENTOS DE SANTA LÍVIA ENERGIAS RENOVÁVEIS S.A. (PIE);20230818;EOL.CV.RN.032593-7.01;BERNARDO.OLIVEIRA;20241213;BERNARDO.OLIVEIRA;20241213
Icaraizinho;54600;100% para CPFL ENERGIAS RENOVÁVEIS S.A. (PIE);20091014;EOL.CV.CE.028699-0.01;BERNARDO.OLIVEIRA;20241213;BERNARDO.OLIVEIRA;20241213
Coqueirinho;29600;100% para Central Eólica Coqueirinho S.A (PIE);20160217;EOL.CV.BA.030738-6.01;BERNARDO.OLIVEIRA;20241213;BERNARDO.OLIVEIRA;20241213
Alvorada;8000;100% para Centrais Eólicas Alvorada LTDA (PIE);20140704;EOL.CV.BA.030320-8.01;BERNARDO.OLIVEIRA;20241213;BERNARDO.OLIVEIRA;20241213
Jerusalém V;29400;100% para CENTRAL EOLICA JERUSALEM V S.A. (PIE);20230119;EOL.CV.RN.037298-6.01;BERNARDO.OLIVEIRA;20241213;BERNARDO.OLIVEIRA;20241213
Delta 6 I;29700;100% para DELTA 6 I ENERGIA S.A. (PIE);20190110;EOL.CV.MA.037970-0.01;BERNARDO.OLIVEIRA;20241213;BERNARDO.OLIVEIRA;20241213
Chuí II;22000;100% para Omega Geração S.A. (PIE);20150616;EOL.CV.RS.030790-4.01;BERNARDO.OLIVEIRA;20241213;BERNARDO.OLIVEIRA;20241213
Pedra Pintada IV;49500;100% para USINA EOLICA PEDRA PINTADA D LTDA. (PIE);20240727;EOL.CV.BA.049145-4.01;BERNARDO.OLIVEIRA;20241213;BERNARDO.OLIVEIRA;20241213
Aura Lagoa do Barro 03;27000;100% para Lagoa do Barro III Energias Renováveis S.A. (PIE);20181221;EOL.CV.PI.033619-0.01;BERNARDO.OLIVEIRA;20241213;BERNARDO.OLIVEIRA;20241213
Aroeira 6;38700;100% para Enel Green Power Aroeira 06 S.A. (PIE);20231219;EOL.CV.BA.044951-2.01;BERNARDO.OLIVEIRA;20241213;BERNARDO.OLIVEIRA;20241213
São Fernando 1;76230;100% para VENTOS DE SÃO FERNANDO I ENERGIA S.A (PIE);20201003;EOL.CV.RN.037073-8.01;BERNARDO.OLIVEIRA;20241213;BERNARDO.OLIVEIRA;20241213
Eurus II;30000;100% para Eurus II Energias Renováveis S.A (PIE);20150101;EOL.CV.RN.030499-9.01;BERNARDO.OLIVEIRA;20241213;BERNARDO.OLIVEIRA;20241213
Paracuru;25200;100% para Eólica Paracuru Geração e Comercialização de Energia S.A. (PIE);20081129;EOL.CV.CE.028706-7.01;BERNARDO.OLIVEIRA;20241213;BERNARDO.OLIVEIRA;20241213
Ventos de São Vitor 12;31000;100% para Ventos de São Vítor 12 Energias Renováveis S.A. (PIE);20230718;EOL.CV.BA.034659-4.01;BERNARDO.OLIVEIRA;20241213;BERNARDO.OLIVEIRA;20241213
Ventos de Santa Angela 03;31500;100% para ENEL GREEN POWER VENTOS DE SANTA ANGELA 3 S.A. (PIE);20201112;EOL.CV.PI.033007-8.01;BERNARDO.OLIVEIRA;20241213;BERNARDO.OLIVEIRA;20241213
Ventos de Santo Augusto I;18400;100% para Ventos de Santo Augusto I Energias Renováveis S.A (PIE);20170218;EOL.CV.PI.031746-2.02;BERNARDO.OLIVEIRA;20241213;BERNARDO.OLIVEIRA;20241213
Cajuina B14 (Antiga Ventos de São Ricardo 03);51300;100% para VENTOS DE SAO RICARDO 03 ENERGIAS RENOVAVEIS S.A. (PIE);20240110;EOL.CV.RN.049172-1.01;BERNARDO.OLIVEIRA;20241213;BERNARDO.OLIVEIRA;20241213
Pontal 2 B;11200;100% para Força dos Ventos Energia Eólica S.A (PIE);20150425;EOL.CV.RS.030460-3.01;BERNARDO.OLIVEIRA;20241213;BERNARDO.OLIVEIRA;20241213
Ventos de Santa Angela 13;28350;100% para ENEL GREEN POWER VENTOS DE SANTA ÂNGELA ACL 13 S.A. (PIE);20210319;EOL.CV.PI.033017-5.01;BERNARDO.OLIVEIRA;20241213;BERNARDO.OLIVEIRA;20241213
Santa Rosa e Mundo Novo IV;33600;100% para CENTRAL EÓLICA SRMN IV S.A. (PIE);20220101;EOL.CV.RN.037663-9.01;BERNARDO.OLIVEIRA;20241213;BERNARDO.OLIVEIRA;20241213
Baixa do Feijão II;30000;100% para Central Eólica Baixa do Feijão II S.A (PIE);20160521;EOL.CV.RN.030933-8.01;BERNARDO.OLIVEIRA;20241213;BERNARDO.OLIVEIRA;20241213
Laranjeiras III;25000;100% para Parque Eólico Laranjeiras III S.A. (PIE);20190424;EOL.CV.BA.033626-2.01;BERNARDO.OLIVEIRA;20241213;BERNARDO.OLIVEIRA;20241213
Ventos de Guarás I;30000;100% para Ventos dos Guarás I Energias Renováveis S.A (PIE);20160426;EOL.CV.BA.031563-0.01;BERNARDO.OLIVEIRA;20241213;BERNARDO.OLIVEIRA;20241213
Tucano VIII;49600;100% para TUCANO F8 GERACAO DE ENERGIAS SPE S.A. (PIE);20230125;EOL.CV.BA.032580-5.01;BERNARDO.OLIVEIRA;20241213;BERNARDO.OLIVEIRA;20241213
Oitis 8;49500;100% para OITIS 8 ENERGIA RENOVÁVEL S.A. (PIE);20220914;EOL.CV.PI.044367-0.01;BERNARDO.OLIVEIRA;20241213;BERNARDO.OLIVEIRA;20241213
Ventos de São Januário 19;72000;100% para Ventos de São João XXIII Energias Renováveis S.A. (PIE);20230214;EOL.CV.BA.037101-7.01;BERNARDO.OLIVEIRA;20241213;BERNARDO.OLIVEIRA;20241213
Aventura II;21000;100% para CENTRAL EÓLICA AVENTURA II S/A (PIE);20210708;EOL.CV.RN.033002-7.01;BERNARDO.OLIVEIRA;20241213;BERNARDO.OLIVEIRA;20241213
Faísa III;25200;100% para EÓLICA FAÍSA III - GERAÇÃO E COMERCIALIZAÇÃO DE ENERGIA S.A. (PIE);20140329;EOL.CV.CE.030332-1.01;BERNARDO.OLIVEIRA;20241213;BERNARDO.OLIVEIRA;20241213
Serra do Mato III;21000;100% para EÓLICA SERRA DO MATO III ENERGY S.A. (PIE);20211029;EOL.CV.CE.032377-2.01;BERNARDO.OLIVEIRA;20241213;BERNARDO.OLIVEIRA;20241213
Jacarandá do Cerrado;21000;100% para CENTRAIS EÓLICAS JACARANDA DO SERRADO S.A. (PIE);20220202;EOL.CV.BA.031408-0.01;BERNARDO.OLIVEIRA;20241213;BERNARDO.OLIVEIRA;20241213
Ventos do São Mário;30000;100% para ENEL GREEN POWER MORRO DO CHAPEU I EOLICA S.A (PIE);20180629;EOL.CV.BA.033650-5.01;BERNARDO.OLIVEIRA;20241213;BERNARDO.OLIVEIRA;20241213
Oitis 1;49500;100% para OITIS 1 ENERGIA RENOVÁVEL S.A. (PIE);20220818;EOL.CV.PI.044555-0.01;BERNARDO.OLIVEIRA;20241213;BERNARDO.OLIVEIRA;20241213
Itarema II;27000;100% para Eólica Itarema II S.A (PIE);20160223;EOL.CV.CE.031483-8.01;BERNARDO.OLIVEIRA;20241213;BERNARDO.OLIVEIRA;20241213
Aura Mangueira XI;9000;100% para Santa Vitória do Palmar III Energias Renováveis S.A (PIE);20170202;EOL.CV.RS.031719-5.01;BERNARDO.OLIVEIRA;20241213;BERNARDO.OLIVEIRA;20241213
Serra do Assuruá 8;22500;100% para EÓLICA SERRA DO ASSURUÁ 8 LTDA. (PIE);20240828;EOL.CV.BA.049378-3.01;BERNARDO.OLIVEIRA;20241213;BERNARDO.OLIVEIRA;20241213
Laranjeiras V;25000;100% para Parque Eolico Laranjeiras V S.A. (PIE);20180413;EOL.CV.BA.032351-9.01;BERNARDO.OLIVEIRA;20241213;BERNARDO.OLIVEIRA;20241213
Ventos de Santa Martina 11;63000;100% para VENTOS DE SÃO FELIPE ENERGIAS RENOVÁVEIS S/A (PIE);20210819;EOL.CV.RN.038320-1.01;BERNARDO.OLIVEIRA;20241213;BERNARDO.OLIVEIRA;20241213
Asa Branca IV;32000;100% para Asa Branca IV Energias Renováveis Ltda (PIE);20141206;EOL.CV.RN.030498-0.01;BERNARDO.OLIVEIRA;20241213;BERNARDO.OLIVEIRA;20241213
Brejinhos B;42000;100% para EOLICA BREJINHOS B S.A. (PIE);20240807;EOL.CV.BA.040778-0.01;BERNARDO.OLIVEIRA;20241213;BERNARDO.OLIVEIRA;20241213
Joana;28200;100% para Enel Green Power Joana Eólica S.A (PIE);20140926;EOL.CV.BA.030801-3.01;BERNARDO.OLIVEIRA;20241213;BERNARDO.OLIVEIRA;20241213
Chafariz 5;34650;100% para CHAFARIZ 5 ENERGIA RENOVÁVEL S.A. (PIE);20210925;EOL.CV.PB.034646-2.01;BERNARDO.OLIVEIRA;20241213;BERNARDO.OLIVEIRA;20241213
Ventos de Tianguá;27750;100% para Nova Ventos de Tianguá Energias Renováveis S.A. (PIE);20160928;EOL.CV.CE.030585-5.01;BERNARDO.OLIVEIRA;20241213;BERNARDO.OLIVEIRA;20241213
Cerro Chato I (Antiga Coxilha Negra V);30000;100% para Companhia De Geração e Transmissão de Energia Elétrica do Sul do Brasil - ELETROBRAS CGT ELETROSUL (PIE);20120106;EOL.CV.RS.030348-8.01;BERNARDO.OLIVEIRA;20241213;BERNARDO.OLIVEIRA;20241213
Umburanas 2;25000;100% para Eólica Umburanas  2 S.A. (PIE);20190406;EOL.CV.BA.031740-3.01;BERNARDO.OLIVEIRA;20241213;BERNARDO.OLIVEIRA;20241213
Pedra do Reino III;18000;100% para Gestamp Eolicatec Sobradinho S.A (PIE);20130607;EOL.CV.BA.030608-8.01;BERNARDO.OLIVEIRA;20241213;BERNARDO.OLIVEIRA;20241213
Bons Ventos Cacimbas 5;21000;100% para GERADORA EÓLICA BONS VENTOS DA SERRA 2 S.A (PIE);20180518;EOL.CV.CE.031579-6.01;BERNARDO.OLIVEIRA;20241213;BERNARDO.OLIVEIRA;20241213
Monte Verde V;33600;100% para CENTRAL EOLICA MONTE VERDE V S.A (PIE);20230106;EOL.CV.RN.040584-1.01;BERNARDO.OLIVEIRA;20241213;BERNARDO.OLIVEIRA;20241213
Verace 35;12530;100% para Omega Geração S.A. (PIE);20151211;EOL.CV.RS.031539-7.01;BERNARDO.OLIVEIRA;20241213;BERNARDO.OLIVEIRA;20241213
Teiú 2;8000;100% para Companhia Hidro Elétrica do São Francisco (PIE);20191120;EOL.CV.BA.031431-5.01;BERNARDO.OLIVEIRA;20241213;BERNARDO.OLIVEIRA;20241213
Serra das Vacas B;40500;100% para Eólica Serra das Vacas Holding III S.A. (PIE);20240402;EOL.CV.PE.049354-6.01;BERNARDO.OLIVEIRA;20241213;BERNARDO.OLIVEIRA;20241213
Dreen Guajiru;21000;100% para USINA DE ENERGIA EÓLICA GUAJIRU S/A (PIE);20181229;EOL.CV.RN.030699-1.01;BERNARDO.OLIVEIRA;20241213;BERNARDO.OLIVEIRA;20241213
Aura Tanque Novo 03;13500;100% para TANQUE NOVO III ENERGIAS RENOVAVEIS S.A. (PIE);20230505;EOL.CV.BA.035172-5.01;BERNARDO.OLIVEIRA;20241213;BERNARDO.OLIVEIRA;20241213
Bons Ventos;50000;100% para CPFL ENERGIAS RENOVÁVEIS S.A. (PIE);20100211;EOL.CV.CE.028887-0.01;BERNARDO.OLIVEIRA;20241213;BERNARDO.OLIVEIRA;20241213
Vila Espírito Santo I (Antiga Potiguar B21);33600;100% para VILA ESPÍRITO SANTO I EMPREENDIMENTOS E PARTICIPAÇÕES S.A (PIE);20211126;EOL.CV.RN.040594-9.01;BERNARDO.OLIVEIRA;20241213;BERNARDO.OLIVEIRA;20241213
Asa Branca II;27000;100% para NOVA ASA BRANCA II ENERGIAS RENOVÁVEIS S.A (PIE);20150915;EOL.CV.RN.030547-2.01;BERNARDO.OLIVEIRA;20241213;BERNARDO.OLIVEIRA;20241213
Rio do Ouro;30000;100% para Rio de Ouro Energia Eólica S.A. (PIE);20110708;EOL.CV.SC.029055-6.01;BERNARDO.OLIVEIRA;20241213;BERNARDO.OLIVEIRA;20241213
Cristalândia II;30000;100% para Enel Green Power Cristalandia II Eólica S.A. (PIE);20170901;EOL.CV.BA.032082-0.01;BERNARDO.OLIVEIRA;20241213;BERNARDO.OLIVEIRA;20241213
Ventos de São Januário 01;33600;100% para PARQUE EÓLICO VENTOS DE SÃO JANUÁRIO 01 S.A (PIE);20201002;EOL.CV.BA.033508-8.01;BERNARDO.OLIVEIRA;20241213;BERNARDO.OLIVEIRA;20241213
Ventos de São Zacarias 10;45600;100% para VENTOS DE SAO ZACARIAS 10 ENERGIAS RENOVAVEIS S.A. (PIE);20241022;EOL.CV.PE.038135-7.01;BERNARDO.OLIVEIRA;20241213;BERNARDO.OLIVEIRA;20241213
Kairós Wind 1 (Antiga Mutamba VI);36000;100% para KAIROS WIND 1 ENERGIA S A (PIE);;EOL.CV.CE.032485-0.01;BERNARDO.OLIVEIRA;20241213;BERNARDO.OLIVEIRA;20241213
Corredor do Senandes IV;29700;100% para ADS ER EÓLICA CORREDOR DO SENANDES IV S/A (PIE);20150411;EOL.CV.RS.030840-4.01;BERNARDO.OLIVEIRA;20241213;BERNARDO.OLIVEIRA;20241213
Ventos de Horizonte;16800;100% para Energia dos Ventos X S.A (PIE);20181222;EOL.CV.CE.030925-7.01;BERNARDO.OLIVEIRA;20241213;BERNARDO.OLIVEIRA;20241213
Vila Espírito Santo III (Antiga Potiguar B23);37800;100% para VILA ESPÍRITO SANTO III EMPREENDIMENTOS E PARTICIPAÇÕES S.A (PIE);20220111;EOL.CV.RN.040596-5.01;BERNARDO.OLIVEIRA;20241213;BERNARDO.OLIVEIRA;20241213
Serrote II;25200;100% para SERROTE II GERAÇÃO DE ENERGIA ELÉTRICA S.A (PIE);20210112;EOL.CV.CE.040879-4.01;BERNARDO.OLIVEIRA;20241213;BERNARDO.OLIVEIRA;20241213
Aroeira 8;43000;100% para Enel Green Power Aroeira 08 S.A. (PIE);20231219;EOL.CV.BA.044953-9.01;BERNARDO.OLIVEIRA;20241213;BERNARDO.OLIVEIRA;20241213
Serra da Babilônia XII;28200;100% para EÓLICA SERRA DA BABILÔNIA XII S.A (PIE);20181212;EOL.CV.BA.032471-0.01;BERNARDO.OLIVEIRA;20241213;BERNARDO.OLIVEIRA;20241213
Ventos de Santa Leia 12;64900;100% para Ventos de São Luís Energias Renováveis S.A. (PIE);20230426;EOL.CV.RN.045010-3.01;BERNARDO.OLIVEIRA;20241213;BERNARDO.OLIVEIRA;20241213
Itarema IV;21000;100% para EÓLICA ITAREMA IV S.A. (PIE);20160727;EOL.CV.CE.031813-2.01;BERNARDO.OLIVEIRA;20241213;BERNARDO.OLIVEIRA;20241213
Ventos de São Vitor 14;37200;100% para Ventos de São Vítor 14 Energias Renováveis S.A. (PIE);20230720;EOL.CV.BA.034660-8.01;BERNARDO.OLIVEIRA;20241213;BERNARDO.OLIVEIRA;20241213
Ventos de Santa Angela 05;31500;100% para ENEL GREEN POWER VENTOS DE SANTA ÂNGELA 5 S.A. (PIE);20201229;EOL.CV.PI.033009-4.01;BERNARDO.OLIVEIRA;20241213;BERNARDO.OLIVEIRA;20241213
Rei dos Ventos 1;58450;100% para Brasventos Eolo Geradora de Energia S.A (PIE);20140201;EOL.CV.RN.030416-6.01;BERNARDO.OLIVEIRA;20241213;BERNARDO.OLIVEIRA;20241213
Delta 8 I;35100;100% para DELTA 8 I ENERGIA S.A. (PIE);20191101;EOL.CV.MA.040574-4.01;BERNARDO.OLIVEIRA;20241213;BERNARDO.OLIVEIRA;20241213
Tabua;15000;100% para Centrais Eólicas Tábua S.A. (PIE);20220210;EOL.CV.BA.031403-0.01;BERNARDO.OLIVEIRA;20241213;BERNARDO.OLIVEIRA;20241213
Aura Queimada Nova 03;9000;100% para Lagoa do Barro VIII Energias Renováveis S.A. (PIE);20181201;EOL.CV.PI.033625-4.01;BERNARDO.OLIVEIRA;20241213;BERNARDO.OLIVEIRA;20241213
Ventos de Santa Joana VI;30000;100% para Ventos de Santa Joana VI Energias Renováveis S.A. (PIE);20151218;EOL.CV.PI.031367-0.01;BERNARDO.OLIVEIRA;20241213;BERNARDO.OLIVEIRA;20241213
Santo Agostinho 17;43400;100% para Eólica Santo Agostinho 17 S.A. (PIE);20230419;EOL.CV.RN.033857-5.01;BERNARDO.OLIVEIRA;20241213;BERNARDO.OLIVEIRA;20241213
Campo Largo XIV;21000;100% para CLWP EÓLICA PARQUE XIV S.A. (PIE);20210331;EOL.CV.BA.034634-9.01;BERNARDO.OLIVEIRA;20241213;BERNARDO.OLIVEIRA;20241213
Tucano XVI;12400;100% para TUCANO F2 GERACAO DE ENERGIAS SPE S.A. (PIE);20230407;EOL.CV.BA.036989-6.01;BERNARDO.OLIVEIRA;20241213;BERNARDO.OLIVEIRA;20241213
Camurim;4500;100% para Vale dos Ventos Geradora Eólica S.A (PIE);20090131;EOL.CV.PB.029084-0.01;BERNARDO.OLIVEIRA;20241213;BERNARDO.OLIVEIRA;20241213
União dos Ventos 12;25200;100% para Forte Canto de Baixo Geradora Eólica S.A (PIE);20180210;EOL.CV.RN.031645-8.01;BERNARDO.OLIVEIRA;20241213;BERNARDO.OLIVEIRA;20241213
Ventos de Santo Estevão IV;29900;100% para Ventos de Santo Estevão IV Energias Renováveis S.A. (PIE);20171003;EOL.CV.PE.032365-9.01;BERNARDO.OLIVEIRA;20241213;BERNARDO.OLIVEIRA;20241213
cajuina b20 (antiga ventos de sao ricardo 02);29500;100% para VENTOS DE SAO RICARDO 02 ENERGIAS RENOVAVEIS S.A. (PIE);20240901;EOL.CV.RN.049171-3.01;BERNARDO.OLIVEIRA;20241213;BERNARDO.OLIVEIRA;20241213
União dos Ventos 8;14400;100% para Esquina dos Ventos Geradora Eólica S.A (PIE);20140405;EOL.CV.RN.030569-3.01;BERNARDO.OLIVEIRA;20241213;BERNARDO.OLIVEIRA;20241213
Serra do Mato VI;16800;100% para EÓLICA SERRA DO MATO VI ENERGY S.A (PIE);20211118;EOL.CV.CE.032379-9.01;BERNARDO.OLIVEIRA;20241213;BERNARDO.OLIVEIRA;20241213
Verace IX;30000;100% para Omega Geração S.A. (PIE);20150224;EOL.CV.RS.030748-3.01;BERNARDO.OLIVEIRA;20241213;BERNARDO.OLIVEIRA;20241213
Ventos da Santa Dulce;28000;100% para ENEL GREEN POWER MORRO DO CHAPEU II EOLICA S.A (PIE);20180629;EOL.CV.BA.033648-3.01;BERNARDO.OLIVEIRA;20241213;BERNARDO.OLIVEIRA;20241213
Oitis 21;44000;100% para OITIS 21 ENERGIA RENOVÁVEL S.A. (PIE);20230223;EOL.CV.BA.044360-3.01;BERNARDO.OLIVEIRA;20241213;BERNARDO.OLIVEIRA;20241213
Goiabeira;23100;100% para Energia dos Ventos I S.A (PIE);20181222;EOL.CV.CE.030920-6.01;BERNARDO.OLIVEIRA;20241213;BERNARDO.OLIVEIRA;20241213
Vila Rio Grande do Norte II;37800;100% para VILA RIO GRANDE DO NORTE 2 EMPREENDIMENTOS E PARTICIPAÇÕES S.A. (PIE);20200418;EOL.CV.RN.038140-3.01;BERNARDO.OLIVEIRA;20241213;BERNARDO.OLIVEIRA;20241213
EOL Assuruá 4 III;36000;100% para ASSURUA 4 III ENERGIA S.A (PIE);20221228;EOL.CV.BA.050465-3.01;BERNARDO.OLIVEIRA;20241213;BERNARDO.OLIVEIRA;20241213
Ventos de Santa Martina 13;67200;100% para VENTOS DE SANTA SARA ENERGIAS RENOVÁVEIS S/A (PIE);20210831;EOL.CV.RN.038322-8.01;BERNARDO.OLIVEIRA;20241213;BERNARDO.OLIVEIRA;20241213
Campo dos Ventos I;25200;100% para Campo dos Ventos I Energias Renováveis S.A (PIE);20160623;EOL.CV.RN.031072-7.01;BERNARDO.OLIVEIRA;20241213;BERNARDO.OLIVEIRA;20241213
Macacos;20700;100% para SPE Macacos Energia S.A (PIE);20141211;EOL.CV.RN.030661-4.01;BERNARDO.OLIVEIRA;20241213;BERNARDO.OLIVEIRA;20241213
Caetité E;37800;100% para EOLICA CAETITE ECO S.A. (PIE);20240320;EOL.CV.BA.037005-3.01;BERNARDO.OLIVEIRA;20241213;BERNARDO.OLIVEIRA;20241213
Ilhéus;11200;100% para Centrais Eólicas Ilhéus LTDA. (PIE);20140704;EOL.CV.BA.030315-1.01;BERNARDO.OLIVEIRA;20241213;BERNARDO.OLIVEIRA;20241213
Ventos de São Roque 07;45600;100% para ENEL GREEN POWER VENTOS DE SAO ROQUE 07 S.A (PIE);20231027;EOL.CV.PI.038109-8.01;BERNARDO.OLIVEIRA;20241213;BERNARDO.OLIVEIRA;20241213
Canoas 4;27720;100% para CANOAS 4 ENERGIA RENOVÁVEL S.A. (PIE);20211231;EOL.CV.PB.037953-0.01;BERNARDO.OLIVEIRA;20241213;BERNARDO.OLIVEIRA;20241213
Ventos de Tianguá Norte;29120;100% para Nova Ventos de Tianguá Norte Energias Renováveis S.A (PIE);20160928;EOL.CV.CE.030584-7.01;BERNARDO.OLIVEIRA;20241213;BERNARDO.OLIVEIRA;20241213
Caetité 3;30000;100% para CAETITÉ 3 ENERGIA RENOVÁVEL S/A. (PIE);20141008;EOL.CV.BA.030448-4.01;BERNARDO.OLIVEIRA;20241213;BERNARDO.OLIVEIRA;20241213
Jataí;16200;100% para Centrais Eólicas Jataí S.A. (PIE);20221025;EOL.CV.BA.032104-4.01;BERNARDO.OLIVEIRA;20241213;BERNARDO.OLIVEIRA;20241213
Umburanas 3;20000;100% para Eólica Umburanas  3 S.A. (PIE);20190410;EOL.CV.BA.031741-1.01;BERNARDO.OLIVEIRA;20241213;BERNARDO.OLIVEIRA;20241213
Baraúnas I;32900;100% para Baraúnas I Energética S.A (PIE);20151120;EOL.CV.BA.031335-1.01;BERNARDO.OLIVEIRA;20241213;BERNARDO.OLIVEIRA;20241213
Aura Mangueira XII;15000;100% para Santa Vitória do Palmar IV Energias Renováveis S.A (PIE);20170602;EOL.CV.RS.031653-9.01;BERNARDO.OLIVEIRA;20241213;BERNARDO.OLIVEIRA;20241213
Baraúnas XX Energéti;31190;100% para Baraúnas XX Energética S.A. (PIE);20220811;EOL.CV.BA.036993-4.01;BERNARDO.OLIVEIRA;20241213;BERNARDO.OLIVEIRA;20241213
Serra das Vacas II;22295;100% para Eólica Serra das Vacas II S.A (PIE);20151218;EOL.CV.PE.031540-0.01;BERNARDO.OLIVEIRA;20241213;BERNARDO.OLIVEIRA;20241213
Serra do Seridó VI;44000;100% para Parque Eólico Serra do Seridó VI S.A. (PIE);20221227;EOL.CV.PB.038304-0.01;BERNARDO.OLIVEIRA;20241213;BERNARDO.OLIVEIRA;20241213
Lagoa 2;31500;100% para LAGOA 2 ENERGIA RENOVÁVEL S.A. (PIE);20170930;EOL.CV.PB.033665-3.01;BERNARDO.OLIVEIRA;20241213;BERNARDO.OLIVEIRA;20241213
Ventos do São Gabriel;27300;100% para CENTRAL EOLICA BABILONIA III S.A. (PIE);20181124;EOL.CV.BA.034739-6.01;BERNARDO.OLIVEIRA;20241213;BERNARDO.OLIVEIRA;20241213
Campo Largo XII;54600;100% para CLWP EÓLICA PARQUE XII S.A. (PIE);20210820;EOL.CV.BA.034623-3.01;BERNARDO.OLIVEIRA;20241213;BERNARDO.OLIVEIRA;20241213
Mangue Seco 2;26000;100% para EÓLICA MANGUE SECO 2 - GERADORA E COMERCIALIZADORA DE ENERGIA ELÉTRICA S.A. (PIE);20110924;EOL.CV.RN.030284-8.01;BERNARDO.OLIVEIRA;20241213;BERNARDO.OLIVEIRA;20241213
Porto Salgado;20000;100% para PORTO SALGADO ENERGIA S.A. (PIE);20140710;EOL.CV.PI.030830-7.01;BERNARDO.OLIVEIRA;20241213;BERNARDO.OLIVEIRA;20241213
Fazenda Rosário 2;23000;100% para Parques Eólicos Palmares S.A. (PIE);20130327;EOL.CV.RS.030478-6.01;BERNARDO.OLIVEIRA;20241213;BERNARDO.OLIVEIRA;20241213
Angico;8100;100% para CENTRAIS EÓLICAS ANGICO S.A. (PIE);20220524;EOL.CV.BA.031404-8.01;BERNARDO.OLIVEIRA;20241213;BERNARDO.OLIVEIRA;20241213
União dos Ventos 15;31500;100% para SM Geração de Energia Eólica S.A. (PIE);20191217;EOL.CV.RN.031642-3.01;BERNARDO.OLIVEIRA;20241213;BERNARDO.OLIVEIRA;20241213
Mundo Novo VI;40500;100% para SPE 2 – Central Eólica Mundo Novo S.A. (PIE);20240130;EOL.CV.RN.032405-1.01;BERNARDO.OLIVEIRA;20241213;BERNARDO.OLIVEIRA;20241213
Ilha Grande;29700;100% para Central Geradora Eolica Ilha Grande S.A. (PIE);20140820;EOL.CV.CE.030691-6.01;BERNARDO.OLIVEIRA;20241213;BERNARDO.OLIVEIRA;20241213
Serra do Assuruá 21;40500;100% para Eólica Serra do Assuruá 21 Ltda. (PIE);20240828;EOL.CV.BA.049394-5.01;BERNARDO.OLIVEIRA;20241213;BERNARDO.OLIVEIRA;20241213
Assuruá V;20000;100% para Parque Eólico Assuruá V S.A (PIE);20160407;EOL.CV.BA.031341-6.01;BERNARDO.OLIVEIRA;20241213;BERNARDO.OLIVEIRA;20241213
Laranjeiras I;27500;100% para Parque Eolico Laranjeiras I S.A (PIE);20180413;EOL.CV.BA.032349-7.01;BERNARDO.OLIVEIRA;20241213;BERNARDO.OLIVEIRA;20241213
Baraúnas XV (Antiga Massaroca I);48510;100% para Baraúnas XV Energética S.A. (PIE);20220917;EOL.CV.BA.038031-8.01;BERNARDO.OLIVEIRA;20241213;BERNARDO.OLIVEIRA;20241213
Ventos da Bahia III;30800;100% para PARQUE EÓLICO VENTOS DA BAHIA III S.A. (PIE);20180912;EOL.CV.BA.032527-9.01;BERNARDO.OLIVEIRA;20241213;BERNARDO.OLIVEIRA;20241213
Santa Maria;4250;100% para Eólica Gravatá - Geradora de Energia S.A. (PIE);20100424;EOL.CV.PE.029019-0.01;BERNARDO.OLIVEIRA;20241213;BERNARDO.OLIVEIRA;20241213
Ventos de Arapuá 2;34650;100% para VENTOS DE ARAPUÁ 2 ENERGIA RENOVÁVEL S.A. (PIE);20211111;EOL.CV.PB.035241-1.01;BERNARDO.OLIVEIRA;20241213;BERNARDO.OLIVEIRA;20241213
Ventos de Santa Leia 14;66100;100% para Ventos de São Lucio I Energias Renováveis S.A. (PIE);20230809;EOL.CV.RN.045012-0.01;BERNARDO.OLIVEIRA;20241213;BERNARDO.OLIVEIRA;20241213
Acácia;16200;100% para CENTRAIS EOLICAS ACACIA S.A. (PIE);20220518;EOL.CV.BA.031418-8.01;BERNARDO.OLIVEIRA;20241213;BERNARDO.OLIVEIRA;20241213
Bons Ventos Cacimbas 3;14700;100% para GERADORA EÓLICA BONS VENTOS DA SERRA 2 S.A (PIE);20180510;EOL.CV.CE.031627-0.01;BERNARDO.OLIVEIRA;20241213;BERNARDO.OLIVEIRA;20241213
Monte Verde III;58800;100% para CENTRAL EOLICA MONTE VERDE III S.A (PIE);20230106;EOL.CV.RN.033881-8.01;BERNARDO.OLIVEIRA;20241213;BERNARDO.OLIVEIRA;20241213
SM;29700;100% para SANTA MARIA ENERGIAS RENOVÁVEIS S.A (PIE);20150423;EOL.CV.RN.030864-1.01;BERNARDO.OLIVEIRA;20241213;BERNARDO.OLIVEIRA;20241213
Tubarão P&D;2099;100% para ENGIE Brasil Energia S.A. (REG);20141110;EOL.CV.SC.032016-1.01;BERNARDO.OLIVEIRA;20241213;BERNARDO.OLIVEIRA;20241213
Campo Largo III;29700;100% para CLWP EÓLICA PARQUE III S.A. (PIE);20180822;EOL.CV.BA.033628-9.01;BERNARDO.OLIVEIRA;20241213;BERNARDO.OLIVEIRA;20241213
Ventos da Andorinha;30000;100% para ANDORINHA ENERGIAS RENOVAVEIS S.A. (PIE);20151114;EOL.CV.BA.030944-3.01;BERNARDO.OLIVEIRA;20241213;BERNARDO.OLIVEIRA;20241213
Santo Agostinho 2;31000;100% para Eólica Santo Agostinho 2 S.A. (PIE);20231202;EOL.CV.RN.033833-8.01;BERNARDO.OLIVEIRA;20241213;BERNARDO.OLIVEIRA;20241213
Serrote III;21000;100% para SERROTE III GERAÇÃO DE ENERGIA ELÉTRICA S.A (PIE);20210519;EOL.CV.CE.040880-8.01;BERNARDO.OLIVEIRA;20241213;BERNARDO.OLIVEIRA;20241213
Campo Largo X;33600;100% para CLWP EÓLICA PARQUE X S.A. (PIE);20210305;EOL.CV.BA.034630-6.01;BERNARDO.OLIVEIRA;20241213;BERNARDO.OLIVEIRA;20241213
Assuruá 5 I;40600;73.9000% para CARGILL AGRICOLA S A (PIE) 24% para ASSURUÁ 5 ENERGIA S.A. (PIE) 2.1000% para CARGILL ALIMENTOS LTDA (PIE);20231025;EOL.CV.BA.051784-4.01;BERNARDO.OLIVEIRA;20241213;BERNARDO.OLIVEIRA;20241213
Ventos de Santa Fátima;29700;100% para Central Geradora Eólica Bartolomeu S.A. (PIE);20170728;EOL.CV.PI.031273-8.01;BERNARDO.OLIVEIRA;20241213;BERNARDO.OLIVEIRA;20241213
Camilo Pontes I (Antiga Renascença I);30000;100% para Energisa Geração – Central Eólica Renascença I S.A (PIE);20141224;EOL.CV.RN.030515-4.01;BERNARDO.OLIVEIRA;20241213;BERNARDO.OLIVEIRA;20241213
Sangradouro;50000;100% para Ventos do Sul Energia S.A (PIE);20060930;EOL.CV.RS.028811-0.01;BERNARDO.OLIVEIRA;20241213;BERNARDO.OLIVEIRA;20241213
Ventos de São Vitor 6;31000;100% para Ventos de São Vítor 06 Energias Renováveis S.A. (PIE);20231220;EOL.CV.BA.034830-9.01;BERNARDO.OLIVEIRA;20241213;BERNARDO.OLIVEIRA;20241213
Canudos I;49700;100% para EOLICA CANUDOS III SPE S.A. (PIE);20231201;EOL.CV.BA.046757-0.01;BERNARDO.OLIVEIRA;20241213;BERNARDO.OLIVEIRA;20241213
Ventos de Santa Angela 11;44100;100% para ENEL GREEN POWER VENTOS DE SANTA ANGELA 11 S.A. (PIE);20201231;EOL.CV.PI.033015-9.01;BERNARDO.OLIVEIRA;20241213;BERNARDO.OLIVEIRA;20241213
Ventos de São Virgílio 01;29900;100% para Ventos de São Virgílio 01 Energias Renováveis S.A (PIE);20170830;EOL.CV.PI.032367-5.01;BERNARDO.OLIVEIRA;20241213;BERNARDO.OLIVEIRA;20241213
Morro dos Ventos III;28800;100% para Desa Morro dos Ventos III S.A (PIE);20140329;EOL.CV.RN.030310-0.01;BERNARDO.OLIVEIRA;20241213;BERNARDO.OLIVEIRA;20241213
Vellozia;16500;100% para Centrais Eólicas Vellozia S.A. (PIE);20221027;EOL.CV.BA.032113-3.01;BERNARDO.OLIVEIRA;20241213;BERNARDO.OLIVEIRA;20241213
Ventos de Santa Joana XII;28900;100% para Ventos de Santa Joana XII Energias Renováveis S.A (PIE);20150709;EOL.CV.PI.031414-5.01;BERNARDO.OLIVEIRA;20241213;BERNARDO.OLIVEIRA;20241213
Jandaia I;24000;100% para ENERGIA DOS VENTOS IX S.A (PIE);20200530;EOL.CV.CE.030907-9.01;BERNARDO.OLIVEIRA;20241213;BERNARDO.OLIVEIRA;20241213
Vila Piauí II;37800;100% para VILA PIAUÍ 2 EMPREENDIMENTOS E PARTICIPAÇÕES S.A. (PIE);20200827;EOL.CV.RN.036973-0.01;BERNARDO.OLIVEIRA;20241213;BERNARDO.OLIVEIRA;20241213
Ventos de Santa Eugênia 08;28500;100% para OSLO IV S/A. (PIE);20240104;EOL.CV.BA.038084-9.01;BERNARDO.OLIVEIRA;20241213;BERNARDO.OLIVEIRA;20241213
Acauã II;21000;100% para CENTRAL EOLICA ACAUA I S.A. (PIE);20240706;EOL.CV.RN.033598-3.01;BERNARDO.OLIVEIRA;20241213;BERNARDO.OLIVEIRA;20241213
Coelhos IV;4500;100% para Vale dos Ventos Geradora Eólica S.A (PIE);20090114;EOL.CV.PB.029091-2.01;BERNARDO.OLIVEIRA;20241213;BERNARDO.OLIVEIRA;20241213
Santo Inácio III;29400;100% para CENTRAL EOLICA SANTO INACIO III S.A. (PIE);20171205;EOL.CV.CE.035217-9.01;BERNARDO.OLIVEIRA;20241213;BERNARDO.OLIVEIRA;20241213
Campo dos Ventos V;25200;100% para CAMPOS DOS VENTOS V ENERGIAS RENOVÁVEIS LTDA (PIE);20160604;EOL.CV.RN.031069-7.01;BERNARDO.OLIVEIRA;20241213;BERNARDO.OLIVEIRA;20241213
Planaltina;27200;100% para Centrais Eólicas Planaltina S.A (PIE);20140704;EOL.CV.BA.030322-4.01;BERNARDO.OLIVEIRA;20241213;BERNARDO.OLIVEIRA;20241213
Chafariz 2;34650;100% para CHAFARIZ 2 ENERGIA RENOVÁVEL S.A. (PIE);20210915;EOL.CV.PB.034640-3.01;BERNARDO.OLIVEIRA;20241213;BERNARDO.OLIVEIRA;20241213
União dos Ventos 3;22400;100% para Ponta do Vento Leste Geradora Eólica S.A (PIE);20140408;EOL.CV.RN.030564-2.01;BERNARDO.OLIVEIRA;20241213;BERNARDO.OLIVEIRA;20241213
Delta 3 III (Antiga Ventos Maranhenses 3);27600;100% para DELTA 3 III ENERGIA S.A. (PIE);20170901;EOL.CV.MA.033684-0.01;BERNARDO.OLIVEIRA;20241213;BERNARDO.OLIVEIRA;20241213
Minuano II;24000;100% para Omega Geração S.A. (PIE);20150526;EOL.CV.RS.030791-2.01;BERNARDO.OLIVEIRA;20241213;BERNARDO.OLIVEIRA;20241213
Manineiro;13800;100% para Centrais Eólicas Manineiro S.A (PIE);20220825;EOL.CV.BA.032245-8.01;BERNARDO.OLIVEIRA;20241213;BERNARDO.OLIVEIRA;20241213
Oitis 9;49500;100% para OITIS 9 ENERGIA RENOVÁVEL S.A. (PIE);20230412;EOL.CV.PI.044368-9.01;BERNARDO.OLIVEIRA;20241213;BERNARDO.OLIVEIRA;20241213
Ventos de Santa Brígida II;27200;100% para Ventos de Santa Brígida II Energias Renováveis S.A (PIE);20151225;EOL.CV.PE.031363-7.01;BERNARDO.OLIVEIRA;20241213;BERNARDO.OLIVEIRA;20241213
Pedra Rajada;20000;100% para Gestamp Eólica Pedra Rajada S.A (PIE);20171207;EOL.CV.RN.032352-7.01;BERNARDO.OLIVEIRA;20241213;BERNARDO.OLIVEIRA;20241213
Aura Mangueira XVII;15000;100% para Santa Vitória do Palmar VII Energias Renováveis S.A (PIE);20170721;EOL.CV.RS.031705-5.01;BERNARDO.OLIVEIRA;20241213;BERNARDO.OLIVEIRA;20241213
Inhambú 2;16450;100% para EÓLICA PINDAÍ I GERAÇÃO DE ENERGIA LTDA (PIE);20210407;EOL.CV.BA.032487-6.01;BERNARDO.OLIVEIRA;20241213;BERNARDO.OLIVEIRA;20241213
Dos Araçás;31860;100% para Centrais Eólicas dos Araçás S.A (PIE);20141011;EOL.CV.BA.030495-6.01;BERNARDO.OLIVEIRA;20241213;BERNARDO.OLIVEIRA;20241213
São Bento do Norte II;23100;100% para CENTRAL GERADORA EÓLICA SÃO BENTO DO NORTE II S/A (PIE);20190129;EOL.CV.RN.033642-4.01;BERNARDO.OLIVEIRA;20241213;BERNARDO.OLIVEIRA;20241213
Serra do Espinhaço;18480;100% para Centrais Eólicas Serra do Espinhaço S.A (PIE);20160101;EOL.CV.BA.030802-1.01;BERNARDO.OLIVEIRA;20241213;BERNARDO.OLIVEIRA;20241213
Santana II;24000;100% para SANTANA 2 ENERGIA RENOVÁVEL S.A. (PIE);20161228;EOL.CV.RN.031811-6.01;BERNARDO.OLIVEIRA;20241213;BERNARDO.OLIVEIRA;20241213
Cajuína A4  (Antiga Ventos de Santa Tereza 05);45600;100% para VENTOS DE SANTA TEREZA 05 ENERGIAS RENOVAVEIS S.A. (PIE);20230823;EOL.CV.RN.047239-5.01;BERNARDO.OLIVEIRA;20241213;BERNARDO.OLIVEIRA;20241213
Pontal 3 B;27000;100% para Enerplan Energia Eólica III S.A (PIE);20170117;EOL.CV.RS.030901-0.01;BERNARDO.OLIVEIRA;20241213;BERNARDO.OLIVEIRA;20241213
Umburanas 18;7500;100% para Eólica Umburanas  18 S.A. (PIE);20190315;EOL.CV.BA.031756-0.01;BERNARDO.OLIVEIRA;20241213;BERNARDO.OLIVEIRA;20241213
Ventos de São Vicente 08;29400;100% para Ventos de São Vinicius Energias Renováveis S.A (PIE);20171006;EOL.CV.PI.033144-9.01;BERNARDO.OLIVEIRA;20241213;BERNARDO.OLIVEIRA;20241213
Taíba Águia;23100;100% para CENTRAL GERADORA EOLICA TAIBA AGUIA S.A. (PIE);20140619;EOL.CV.CE.028857-8.01;BERNARDO.OLIVEIRA;20241213;BERNARDO.OLIVEIRA;20241213
SAO CIRIACO;48400;100% para VENTOS DE SÃO CIRIACO ENERGIAS RENOVÁVEIS S/A (PIE);20220921;EOL.CV.PI.048515-2.01;BERNARDO.OLIVEIRA;20241213;BERNARDO.OLIVEIRA;20241213
Ventos de Santa Joana IV;27200;100% para Ventos de Santa Joana IV Energias Renováveis S.A (PIE);20160116;EOL.CV.PI.031520-6.01;BERNARDO.OLIVEIRA;20241213;BERNARDO.OLIVEIRA;20241213
Serra do Seridó XIV;34800;100% para PARQUE EÓLICO SERRA DO SERIDÓ XIV S.A. (PIE);20231109;EOL.CV.PB.043277-6.01;BERNARDO.OLIVEIRA;20241213;BERNARDO.OLIVEIRA;20241213
Costa Branca;20700;100% para SPE Costa Branca Energia S.A (PIE);20141203;EOL.CV.RN.030672-0.01;BERNARDO.OLIVEIRA;20241213;BERNARDO.OLIVEIRA;20241213
Campo Largo XVIII;29700;100% para CLWP EÓLICA PARQUE XVIII S.A. (PIE);20181031;EOL.CV.BA.034643-8.01;BERNARDO.OLIVEIRA;20241213;BERNARDO.OLIVEIRA;20241213
Ventos de Santa Luzia 12;54000;100% para Ventos de São Guilherme Energias Renováveis S.A. (PIE);20240202;EOL.CV.RN.051586-8.02;BERNARDO.OLIVEIRA;20241213;BERNARDO.OLIVEIRA;20241213
Cabeço Preto;19800;100% para Gestamp Eólica Baixa Verde S.A (PIE);20120504;EOL.CV.RN.030333-0.01;BERNARDO.OLIVEIRA;20241213;BERNARDO.OLIVEIRA;20241213
Ventos de São Benedito;29400;100% para SÃO BENEDITO ENERGIAS RENOVÁVEIS S.A. (PIE);20160813;EOL.CV.RN.031373-4.01;BERNARDO.OLIVEIRA;20241213;BERNARDO.OLIVEIRA;20241213
CEDRO;12000;100% para CENTRAIS EÓLICAS CEDRO S.A (PIE);20221027;EOL.CV.BA.032098-6.01;BERNARDO.OLIVEIRA;20241213;BERNARDO.OLIVEIRA;20241213
Caetité 1;30000;100% para CAETITÉ 1 ENERGIA RENOVÁVEL S/A (PIE);20141003;EOL.CV.BA.030976-1.01;BERNARDO.OLIVEIRA;20241213;BERNARDO.OLIVEIRA;20241213
Oeste Serido IV;27000;100% para CENTRAL GERADORA EÓLICA SERIDÓ IV S.A. (PIE);20231229;EOL.CV.RN.047165-8.01;BERNARDO.OLIVEIRA;20241213;BERNARDO.OLIVEIRA;20241213
Santa Clara V;30000;100% para Santa Clara V Energias Renováveis Ltda. (PIE);20140329;EOL.CV.RN.030378-0.01;BERNARDO.OLIVEIRA;20241213;BERNARDO.OLIVEIRA;20241213
Verace 24;19690;100% para Omega Geração S.A. (PIE);20151126;EOL.CV.RS.031561-3.01;BERNARDO.OLIVEIRA;20241213;BERNARDO.OLIVEIRA;20241213
Campo Largo V;29700;100% para CLWP EÓLICA PARQUE V S.A. (PIE);20181031;EOL.CV.BA.033630-0.01;BERNARDO.OLIVEIRA;20241213;BERNARDO.OLIVEIRA;20241213
Ventos de Santa Joana X;29600;100% para Ventos de Santa Joana X Energias Renováveis S.A (PIE);20150709;EOL.CV.PI.031393-9.01;BERNARDO.OLIVEIRA;20241213;BERNARDO.OLIVEIRA;20241213
Santo Agostinho 25;24800;100% para Eólica Santo Agostinho 25 S.A. (PIE);20231101;EOL.CV.RN.035214-4.01;BERNARDO.OLIVEIRA;20241213;BERNARDO.OLIVEIRA;20241213
Coelhos III;4500;100% para Vale dos Ventos Geradora Eólica S.A (PIE);20090305;EOL.CV.PB.029087-4.01;BERNARDO.OLIVEIRA;20241213;BERNARDO.OLIVEIRA;20241213
São Raimundo;23100;100% para CENTRAL EOLICA SAO RAIMUNDO S.A. (PIE);20171201;EOL.CV.CE.035219-5.01;BERNARDO.OLIVEIRA;20241213;BERNARDO.OLIVEIRA;20241213
Potiguar B 33;58905;100% para EOL POTIGUAR B33 SPE S.A (PIE);20210602;EOL.CV.RN.040602-3.01;BERNARDO.OLIVEIRA;20241213;BERNARDO.OLIVEIRA;20241213
Camilo Pontes III (Antiga Renascença III);30000;100% para Energisa Geração – Central Eólica Renascença III S.A (PIE);20141224;EOL.CV.RN.030527-8.01;BERNARDO.OLIVEIRA;20241213;BERNARDO.OLIVEIRA;20241213
Eólio - Elétrica de Palmas;2500;100% para Copel Geração E Transmissão S.A. (PIE);19990201;EOL.CV.PR.027908-0.01;BERNARDO.OLIVEIRA;20241213;BERNARDO.OLIVEIRA;20241213
Ventos de São Vitor 8;31000;100% para Ventos de São Vítor 08 Energias Renováveis S.A. (PIE);20240320;EOL.CV.BA.034848-1.01;BERNARDO.OLIVEIRA;20241213;BERNARDO.OLIVEIRA;20241213
Ventos de São Virgílio 02;29900;100% para Ventos de São Virgilio 02 Energias Renováveis S.A. (PIE);20170210;EOL.CV.PI.033667-0.01;BERNARDO.OLIVEIRA;20241213;BERNARDO.OLIVEIRA;20241213
União dos Ventos 4;11200;100% para Torres de São Miguel Geradora Eólica S.A (PIE);20140408;EOL.CV.RN.030565-0.01;BERNARDO.OLIVEIRA;20241213;BERNARDO.OLIVEIRA;20241213
Catanduba RN I;49500;100% para CENTRAL EOLICA CATANDUBA I S.A. (PIE);20240412;EOL.CV.RN.043218-0.01;BERNARDO.OLIVEIRA;20241213;BERNARDO.OLIVEIRA;20241213
Chuí I;24000;100% para Omega Geração S.A. (PIE);20150616;EOL.CV.RS.030767-0.01;BERNARDO.OLIVEIRA;20241213;BERNARDO.OLIVEIRA;20241213
Delfina V;28000;100% para Enel Green Power Delfina a Eolica S.A (PIE);20171031;EOL.CV.BA.032359-4.01;BERNARDO.OLIVEIRA;20241213;BERNARDO.OLIVEIRA;20241213
Vila Sergipe II;37800;100% para VILA SERGIPE 2 EMPREENDIMENTOS E PARTICIPAÇÕES S.A. (PIE);20200530;EOL.CV.RN.038143-8.01;BERNARDO.OLIVEIRA;20241213;BERNARDO.OLIVEIRA;20241213
Junco II;24000;100% para USINA DE ENERGIA EOLICA JUNCO II SPE S.A. (PIE);20151205;EOL.CV.RN.030914-1.02;BERNARDO.OLIVEIRA;20241213;BERNARDO.OLIVEIRA;20241213
Ventos de Santa Eugênia 10;45600;100% para OSLO IX S/A. (PIE);20231220;EOL.CV.BA.038086-5.01;BERNARDO.OLIVEIRA;20241213;BERNARDO.OLIVEIRA;20241213
Ventos de São Clemente 1;31365;100% para Ventos de São Clemente I Energias Renováveis S.A (PIE);20160525;EOL.CV.PE.031818-3.01;BERNARDO.OLIVEIRA;20241213;BERNARDO.OLIVEIRA;20241213
Anemus Wind 1 (Antiga Queimadas I);37800;100% para Anemus Wind 1 Participações S.A. (PIE);20230630;EOL.CV.RN.034498-2.01;BERNARDO.OLIVEIRA;20241213;BERNARDO.OLIVEIRA;20241213
Eurus I;30000;100% para DESA Eurus I S.A (PIE);20141203;EOL.CV.RN.030503-0.01;BERNARDO.OLIVEIRA;20241213;BERNARDO.OLIVEIRA;20241213
Licínio de Almeida;24000;100% para Centrais Eólicas Licínio de Almeida LTDA. (PIE);20140704;EOL.CV.BA.030317-8.01;BERNARDO.OLIVEIRA;20241213;BERNARDO.OLIVEIRA;20241213
Ventos de São Roque 19;45600;100% para ENEL GREEN POWER VENTOS DE SAO ROQUE 19 S.A. (PIE);20231215;EOL.CV.PI.038113-6.01;BERNARDO.OLIVEIRA;20241213;BERNARDO.OLIVEIRA;20241213
Chafariz 6;31185;100% para CHAFARIZ 6 ENERGIA RENOVÁVEL S.A. (PIE);20210824;EOL.CV.PB.035184-9.01;BERNARDO.OLIVEIRA;20241213;BERNARDO.OLIVEIRA;20241213
Mulungu;13500;100% para Centrais Eólicas Itapuã VII LTDA. (PIE);20220903;EOL.CV.BA.032362-4.01;BERNARDO.OLIVEIRA;20241213;BERNARDO.OLIVEIRA;20241213
Ouro Branco 2;36000;100% para EOLICA OURO BRANCO 2 S.A (PIE);20230111;EOL.CV.PE.031808-6.01;BERNARDO.OLIVEIRA;20241213;BERNARDO.OLIVEIRA;20241213
Ventos de Santa Brígida IV;27200;100% para Ventos de Santa Brígida IV Energias Renováveis S.A (PIE);20151225;EOL.CV.PE.031370-0.01;BERNARDO.OLIVEIRA;20241213;BERNARDO.OLIVEIRA;20241213
Mel 02;20000;100% para MEL 2 ENERGIA RENOVÁVEL S/A (PIE);20130219;EOL.CV.RN.030454-9.01;BERNARDO.OLIVEIRA;20241213;BERNARDO.OLIVEIRA;20241213
Aura Mangueira IV;21000;100% para Santa Vitória do Palmar I Energias Renováveis S.A. (PIE);20170902;EOL.CV.RS.031700-4.01;BERNARDO.OLIVEIRA;20241213;BERNARDO.OLIVEIRA;20241213
Corrupião II;18800;100% para EÓLICA PINDAÍ II GERAÇÃO DE ENERGIA LTDA (PIE);20210409;EOL.CV.BA.037019-3.01;BERNARDO.OLIVEIRA;20241213;BERNARDO.OLIVEIRA;20241213
Serra do Seridó XII;40600;100% para PARQUE EÓLICO SERRA DO SERIDÓ XII S.A (PIE);20231124;EOL.CV.PB.043276-8.01;BERNARDO.OLIVEIRA;20241213;BERNARDO.OLIVEIRA;20241213
São Miguel I;21000;100% para CENTRAL GERADORA EÓLICA SÃO MIGUEL I S/A (PIE);20190214;EOL.CV.RN.033644-0.01;BERNARDO.OLIVEIRA;20241213;BERNARDO.OLIVEIRA;20241213
Cajuína A6 (Antiga Ventos de Santa Tereza 13);45600;100% para VENTOS DE SANTA TEREZA 13 ENERGIAS RENOVAVEIS S.A. (PIE);20230627;EOL.CV.RN.047247-6.01;BERNARDO.OLIVEIRA;20241213;BERNARDO.OLIVEIRA;20241213
Filgueira II;21300;100% para EOL MARAL II SPE S.A (PIE);20211104;EOL.CV.RN.033430-8.01;BERNARDO.OLIVEIRA;20241213;BERNARDO.OLIVEIRA;20241213
Aratuá I;14400;100% para Brasventos Aratuá 1 Geradora de Energia S.A (PIE);20120131;EOL.CV.RN.030121-3.01;BERNARDO.OLIVEIRA;20241213;BERNARDO.OLIVEIRA;20241213
Delta do Parnaíba;30000;100% para PORTO DO PARNAÍBA ENERGIA S.A. (PIE);20140702;EOL.CV.PI.030838-2.01;BERNARDO.OLIVEIRA;20241213;BERNARDO.OLIVEIRA;20241213
Atlântica II;30000;100% para Atlântica II Parque Eólico S.A (PIE);20140301;EOL.CV.RS.030462-0.01;BERNARDO.OLIVEIRA;20241213;BERNARDO.OLIVEIRA;20241213
Umburanas 16;25000;100% para Eólica Umburanas  16 S.A. (PIE);20190206;EOL.CV.BA.031755-1.01;BERNARDO.OLIVEIRA;20241213;BERNARDO.OLIVEIRA;20241213
Ventos de São Vicente 10;29400;100% para Ventos de Santo Agostinho Energias Renováveis S.A (PIE);20171117;EOL.CV.PI.033136-8.01;BERNARDO.OLIVEIRA;20241213;BERNARDO.OLIVEIRA;20241213
Oeste Serido III;27000;100% para CENTRAL GERADORA EÓLICA SERIDÓ III S A. (PIE);20231228;EOL.CV.RN.044976-8.01;BERNARDO.OLIVEIRA;20241213;BERNARDO.OLIVEIRA;20241213
Verace 36;21480;100% para Omega Geração S.A. (PIE);20151225;EOL.CV.RS.031610-5.01;BERNARDO.OLIVEIRA;20241213;BERNARDO.OLIVEIRA;20241213
SAO CRISPIM I;48400;100% para VENTOS DE SAO CRISPIM I ENERGIAS RENOVAVEIS S/A (PIE);20221006;EOL.CV.PI.048704-0.01;BERNARDO.OLIVEIRA;20241213;BERNARDO.OLIVEIRA;20241213
Calango 2;30000;100% para CALANGO 2 ENERGIA RENOVÁVEL S/A (PIE);20160130;EOL.CV.RN.030519-7.01;BERNARDO.OLIVEIRA;20241213;BERNARDO.OLIVEIRA;20241213
Costa das Dunas;28400;100% para SPE COSTA DAS DUNAS ENERGIA S.A. (PIE);20210625;EOL.CV.RN.037959-0.01;BERNARDO.OLIVEIRA;20241213;BERNARDO.OLIVEIRA;20241213
Aura Tanque Novo 02;18000;100% para TANQUE NOVO II ENERGIAS RENOVAVEIS S.A. (PIE);20230505;EOL.CV.BA.044962-8.01;BERNARDO.OLIVEIRA;20241213;BERNARDO.OLIVEIRA;20241213
Campo Largo XV;29700;100% para CLWP EÓLICA PARQUE XV S.A. (PIE);20181123;EOL.CV.BA.034636-5.01;BERNARDO.OLIVEIRA;20241213;BERNARDO.OLIVEIRA;20241213
Ventos de Santo Antonio 01;45000;100% para Ventos de São Galdino Energias Renováveis S.A. (PIE);20240109;EOL.CV.RN.047205-0.02;BERNARDO.OLIVEIRA;20241213;BERNARDO.OLIVEIRA;20241213
Vila Amazonas V;24000;100% para USINA DE ENERGIA EÓLICA VILA AMAZONAS V SPE S.A. (PIE);20160827;EOL.CV.RN.031750-0.01;BERNARDO.OLIVEIRA;20241213;BERNARDO.OLIVEIRA;20241213
ZEUS II;29400;100% para ENEL GREEN POWER ZEUS II - DELFINA 8 S.A. (PIE);20190830;EOL.CV.BA.035266-7.01;BERNARDO.OLIVEIRA;20241213;BERNARDO.OLIVEIRA;20241213
Ventos de São Zacarias 09;45600;100% para VENTOS DE SAO ZACARIAS 09 ENERGIAS RENOVAVEIS S.A. (PIE);20240730;EOL.CV.PE.038134-9.01;BERNARDO.OLIVEIRA;20241213;BERNARDO.OLIVEIRA;20241213
Quixaba;25500;100% para Central Eólica Quixaba S.A (PIE);20121025;EOL.CV.CE.030369-0.01;BERNARDO.OLIVEIRA;20241213;BERNARDO.OLIVEIRA;20241213
Filgueira I;39050;100% para EOL MARAL I SPE S.A (PIE);20220122;EOL.CV.RN.033429-4.01;BERNARDO.OLIVEIRA;20241213;BERNARDO.OLIVEIRA;20241213
Riachão VI;29700;100% para Central Geradora Eólica Apeliotes S.A. (PIE);20150601;EOL.CV.RN.030872-2.01;BERNARDO.OLIVEIRA;20241213;BERNARDO.OLIVEIRA;20241213
Caititu 3;10000;100% para Companhia Hidro Elétrica do São Francisco (PIE);20200129;EOL.CV.BA.031459-5.01;BERNARDO.OLIVEIRA;20241213;BERNARDO.OLIVEIRA;20241213
Serra do Assuruá 15;36000;100% para EÓLICA SERRA DO ASSURUÁ 15 LTDA. (PIE);20240806;EOL.CV.BA.049388-0.01;BERNARDO.OLIVEIRA;20241213;BERNARDO.OLIVEIRA;20241213
Vila Espírito Santo II (Antiga Potiguar B22);37800;100% para VILA ESPÍRITO SANTO II EMPREENDIMENTOS E PARTICIPAÇÕES S.A (PIE);20220218;EOL.CV.RN.040595-7.01;BERNARDO.OLIVEIRA;20241213;BERNARDO.OLIVEIRA;20241213
GE Jangada;27300;100% para USINA DE ENERGIA EÓLICA JANGADA S/A (PIE);20181229;EOL.CV.RN.030700-9.01;BERNARDO.OLIVEIRA;20241213;BERNARDO.OLIVEIRA;20241213
Ametista;28560;100% para Centrais Eólicas Ametista S.A (PIE);20150304;EOL.CV.BA.030779-3.01;BERNARDO.OLIVEIRA;20241213;BERNARDO.OLIVEIRA;20241213
Campo Largo XXII;33600;100% para CLWP EÓLICA PARQUE XXII S.A. (PIE);20210625;EOL.CV.BA.034648-9.01;BERNARDO.OLIVEIRA;20241213;BERNARDO.OLIVEIRA;20241213
Serra da Babilônia XI;28200;100% para EÓLICA SERRA DA BABILÔNIA XI S.A (PIE);20181212;EOL.CV.BA.032470-1.01;BERNARDO.OLIVEIRA;20241213;BERNARDO.OLIVEIRA;20241213
Xavante;4250;100% para Eólica Gravatá - Geradora de Energia S.A. (PIE);20100424;EOL.CV.PE.029011-4.01;BERNARDO.OLIVEIRA;20241213;BERNARDO.OLIVEIRA;20241213
Ventos de Santa Leia 05;67500;100% para VENTOS DE SÃO LONGINO ENERGIAS RENOVÁVEIS S.A. (PIE);20230505;EOL.CV.RN.033691-2.01;BERNARDO.OLIVEIRA;20241213;BERNARDO.OLIVEIRA;20241213
Inhambu;31450;100% para Central Eólica Inhambu S.A (PIE);20160205;EOL.CV.BA.030751-3.01;BERNARDO.OLIVEIRA;20241213;BERNARDO.OLIVEIRA;20241213
Assuruá IV;30000;100% para Parque Eólico Assuruá IV S.A (PIE);20180104;EOL.CV.BA.032343-8.01;BERNARDO.OLIVEIRA;20241213;BERNARDO.OLIVEIRA;20241213
Kairós Wind 6 (Antiga Mutamba IX);40500;100% para KAIROS WIND 6 ENERGIA S.A. (PIE);;EOL.CV.CE.041921-4.01;BERNARDO.OLIVEIRA;20241213;BERNARDO.OLIVEIRA;20241213
Delta 7 II;35100;100% para DELTA 7 II ENERGIA S.A. (PIE);20191015;EOL.CV.MA.040573-6.01;BERNARDO.OLIVEIRA;20241213;BERNARDO.OLIVEIRA;20241213
Ventos de Santa Esperança 13;33600;100% para ENEL GREEN POWER VENTOS DE SANTA ESPERANCA 13 S.A. (PIE);20220127;EOL.CV.BA.034692-6.01;BERNARDO.OLIVEIRA;20241213;BERNARDO.OLIVEIRA;20241213
Ventos de Santa Joana XVI;28900;100% para Ventos de Santa Joana XVI Energias Renováveis S.A (PIE);20150709;EOL.CV.PI.031392-0.01;BERNARDO.OLIVEIRA;20241213;BERNARDO.OLIVEIRA;20241213
Santo Agostinho 5;55800;100% para Eólica Santo Agostinho 5 S.A. (PIE);20240105;EOL.CV.RN.033836-2.01;BERNARDO.OLIVEIRA;20241213;BERNARDO.OLIVEIRA;20241213
Cabeço Preto V;26000;100% para Gestamp Eólica Jardins S.A. (PIE);20161117;EOL.CV.RN.030876-5.01;BERNARDO.OLIVEIRA;20241213;BERNARDO.OLIVEIRA;20241213
Ventos de Santa Eugênia 12;39900;100% para OSLO III S/A. (PIE);20231221;EOL.CV.BA.038088-1.01;BERNARDO.OLIVEIRA;20241213;BERNARDO.OLIVEIRA;20241213
Pedra do Reino IV;20000;100% para EÓLICA PEDRA DO REINO IV S.A. (PIE);20181227;EOL.CV.BA.034777-9.01;BERNARDO.OLIVEIRA;20241213;BERNARDO.OLIVEIRA;20241213
Foz do Rio Choró;25200;100% para SIIF Cinco Geração e Comercialização de Energia S.A. (PIE);20090131;EOL.CV.CE.028630-3.01;BERNARDO.OLIVEIRA;20241213;BERNARDO.OLIVEIRA;20241213
São Fernando 3;24255;100% para VENTOS DE SÃO FERNANDO III ENERGIA S.A (PIE);20201225;EOL.CV.RN.037076-2.01;BERNARDO.OLIVEIRA;20241213;BERNARDO.OLIVEIRA;20241213
Candiba;9600;100% para Centrais Eólicas Candiba LTDA. (PIE);20140704;EOL.CV.BA.030316-0.01;BERNARDO.OLIVEIRA;20241213;BERNARDO.OLIVEIRA;20241213
Carcará I;30000;100% para USINA DE ENERGIA EOLICA CARCARA I SPE S.A. (PIE);20150324;EOL.CV.RN.030832-3.01;BERNARDO.OLIVEIRA;20241213;BERNARDO.OLIVEIRA;20241213
Jerusalém II;29400;100% para CENTRAL EOLICA JERUSALEM II S.A. (PIE);20230119;EOL.CV.RN.037295-1.01;BERNARDO.OLIVEIRA;20241213;BERNARDO.OLIVEIRA;20241213
Delta 3 II (Antiga Ventos Maranhenses 2);27600;100% para DELTA 3 II ENERGIA S.A. (PIE);20170720;EOL.CV.MA.033683-1.01;BERNARDO.OLIVEIRA;20241213;BERNARDO.OLIVEIRA;20241213
Minuano I;22000;100% para Omega Geração S.A. (PIE);20150526;EOL.CV.RS.030844-7.01;BERNARDO.OLIVEIRA;20241213;BERNARDO.OLIVEIRA;20241213
Pedra Pintada I;49500;100% para USINA EÓLICA PEDRA PINTADA A LTDA. (PIE);20240727;EOL.CV.BA.049142-0.01;BERNARDO.OLIVEIRA;20241213;BERNARDO.OLIVEIRA;20241213
Delfina IV;8000;100% para Enel Green Power Delfina C Eólica S.A. (PIE);20171031;EOL.CV.BA.032522-8.01;BERNARDO.OLIVEIRA;20241213;BERNARDO.OLIVEIRA;20241213
Vila Maranhão III;31950;100% para EOL POTIGUAR B143 SPE S.A (PIE);20200929;EOL.CV.RN.038327-9.01;BERNARDO.OLIVEIRA;20241213;BERNARDO.OLIVEIRA;20241213
Primavera;29900;100% para Enel Green Power Primavera Eólica S.A (PIE);20171110;EOL.CV.BA.030726-2.01;BERNARDO.OLIVEIRA;20241213;BERNARDO.OLIVEIRA;20241213
Aroeira 3;43000;100% para Enel Green Power Aroeira 03 S.A. (PIE);20231221;EOL.CV.BA.044948-2.01;BERNARDO.OLIVEIRA;20241213;BERNARDO.OLIVEIRA;20241213
Aura Queimada Nova 01;32200;100% para LAGOA DO BARRO IX ENERGIAS RENOVÁVEIS S.A. (PIE);20211208;EOL.CV.PI.032863-4.01;BERNARDO.OLIVEIRA;20241213;BERNARDO.OLIVEIRA;20241213
Millennium;10200;100% para MILLENNIUM CENTRAL GERADORA EÓLICA S.A. (PIE);20071128;EOL.CV.PB.029041-6.01;BERNARDO.OLIVEIRA;20241213;BERNARDO.OLIVEIRA;20241213
Ventos de São Vitor 1;31000;100% para Ventos de São Vítor 01 Energias Renováveis S.A. (PIE);20231017;EOL.CV.BA.034809-0.01;BERNARDO.OLIVEIRA;20241213;BERNARDO.OLIVEIRA;20241213
Ventos de Santo Augusto II;27600;100% para Ventos de Santo Augusto II energias Renováveis S.A (PIE);20161229;EOL.CV.PI.031747-0.02;BERNARDO.OLIVEIRA;20241213;BERNARDO.OLIVEIRA;20241213
Cajuína B11 (Antiga Ventos de Santa Tereza 07);68400;100% para VENTOS DE SANTA TEREZA 07 ENERGIAS RENOVAVEIS S.A. (PIE);20231227;EOL.CV.RN.047241-7.01;BERNARDO.OLIVEIRA;20241213;BERNARDO.OLIVEIRA;20241213
Santa Rosa e Mundo Novo V;25200;100% para CENTRAL EÓLICA SRMN V S.A. (PIE);20211218;EOL.CV.RN.037664-7.01;BERNARDO.OLIVEIRA;20241213;BERNARDO.OLIVEIRA;20241213
Caetité A;23800;100% para Eólica Caetité A S.A (PIE);20150909;EOL.CV.BA.031344-0.01;BERNARDO.OLIVEIRA;20241213;BERNARDO.OLIVEIRA;20241213
Sabiu;13500;100% para Centrais Eólicas Sabiu S.A. (PIE);20220825;EOL.CV.BA.032108-7.01;BERNARDO.OLIVEIRA;20241213;BERNARDO.OLIVEIRA;20241213
Ventos de São Januário 20;50400;100% para VENTOS DE SÃO BENTO ENERGIAS RENOVÁVEIS S.A (PIE);20200514;EOL.CV.BA.037102-5.01;BERNARDO.OLIVEIRA;20241213;BERNARDO.OLIVEIRA;20241213
Icaraí I;27300;100% para CENTRAL GERADORA EOLICA ICARAI I S.A. (PIE);20140329;EOL.CV.CE.030372-0.01;BERNARDO.OLIVEIRA;20241213;BERNARDO.OLIVEIRA;20241213
Umburanas 21;22500;100% para Eólica Umburanas  21 S.A. (PIE);20190104;EOL.CV.BA.033636-0.01;BERNARDO.OLIVEIRA;20241213;BERNARDO.OLIVEIRA;20241213
Tucano III;43400;100% para TUCANO F3 GERACAO DE ENERGIAS SPE S.A. (PIE);20230320;EOL.CV.BA.032568-6.01;BERNARDO.OLIVEIRA;20241213;BERNARDO.OLIVEIRA;20241213
SAO BERNARDO;44000;100% para VENTOS DE SÃO BERNARDO ENERGIAS RENOVÁVEIS S.A (PIE);20220702;EOL.CV.PE.035250-0.01;BERNARDO.OLIVEIRA;20241213;BERNARDO.OLIVEIRA;20241213
Ventos de Santo Augusto III;29600;100% para Ventos de Santo Augusto III Energias Renováveis S.A (PIE);20160116;EOL.CV.PI.031662-8.01;BERNARDO.OLIVEIRA;20241213;BERNARDO.OLIVEIRA;20241213
Novo Horizonte;30060;100% para Novo Horizonte Energética S.A (PIE);20120706;EOL.CV.BA.030305-4.01;BERNARDO.OLIVEIRA;20241213;BERNARDO.OLIVEIRA;20241213
Ventos de São Januário 16;72000;100% para Ventos de São Joaquim Energias Renováveis S.A. (PIE);20221117;EOL.CV.BA.033547-9.01;BERNARDO.OLIVEIRA;20241213;BERNARDO.OLIVEIRA;20241213
Ventos de Santa Angela 08;31500;100% para ENEL GREEN POWER VENTOS DE SANTA ANGELA 08 S.A. (PIE);20201231;EOL.CV.PI.033012-4.01;BERNARDO.OLIVEIRA;20241213;BERNARDO.OLIVEIRA;20241213
Pedra do Gerônimo;30550;100% para Enel Green Power Pedra do Gerônimo Eólica S.A (PIE);20150204;EOL.CV.PE.030806-4.01;BERNARDO.OLIVEIRA;20241213;BERNARDO.OLIVEIRA;20241213
Serra do Mato I;21000;100% para EÓLICA SERRA DO MATO I ENERGY S.A (PIE);20211028;EOL.CV.CE.032375-6.01;BERNARDO.OLIVEIRA;20241213;BERNARDO.OLIVEIRA;20241213
Casa Nova III;28200;100% para Companhia Hidro Elétrica do São Francisco (PIE);20180228;EOL.CV.BA.031524-9.01;BERNARDO.OLIVEIRA;20241213;BERNARDO.OLIVEIRA;20241213
Oeste Serido X;27000;100% para CENTRAL GERADORA EÓLICA SERIDÓ X S.A. (PIE);20231229;EOL.CV.RN.047164-0.01;BERNARDO.OLIVEIRA;20241213;BERNARDO.OLIVEIRA;20241213
Gravier;71400;100% para CENTRAL EÓLICA GRAVIER S.A. (PIE);20221104;EOL.CV.CE.040794-1.01;BERNARDO.OLIVEIRA;20241213;BERNARDO.OLIVEIRA;20241213
Riachão II;27000;100% para Central Geradora Eolica Albuquerque S.A. (PIE);20150601;EOL.CV.RN.030871-4.01;BERNARDO.OLIVEIRA;20241213;BERNARDO.OLIVEIRA;20241213
Pontal 2 A;21600;100% para ENERPLAN ENERGIA EÓLICA IV S.A (PIE);20161202;EOL.CV.RS.031509-5.01;BERNARDO.OLIVEIRA;20241213;BERNARDO.OLIVEIRA;20241213
Serra do Assuruá 20;40500;100% para Eólica Serra do Assuruá 20 Ltda (PIE);20240827;EOL.CV.BA.049393-7.01;BERNARDO.OLIVEIRA;20241213;BERNARDO.OLIVEIRA;20241213
Ventos de Santa Martina 01;63000;100% para VENTOS DE SANTA AMÉLIA ENERGIAS RENOVÁVEIS S/A (PIE);20211009;EOL.CV.RN.038310-4.01;BERNARDO.OLIVEIRA;20241213;BERNARDO.OLIVEIRA;20241213
GE Maria Helena;27300;100% para USINA DE ENERGIA EÓLICA MARIA HELENA S/A (PIE);20181229;EOL.CV.RN.030702-5.01;BERNARDO.OLIVEIRA;20241213;BERNARDO.OLIVEIRA;20241213
Asa Branca VII;32000;100% para Asa Branca VII Energias Renováveis Ltda (PIE);20141206;EOL.CV.RN.030513-8.01;BERNARDO.OLIVEIRA;20241213;BERNARDO.OLIVEIRA;20241213
Caetité;30240;100% para Centrais Eólicas Caetité S.A (PIE);20160101;EOL.CV.BA.030792-0.01;BERNARDO.OLIVEIRA;20241213;BERNARDO.OLIVEIRA;20241213
Ventos de Arapuá 1;24255;100% para VENTOS DE ARAPUÁ 1 ENERGIA RENOVÁVEL S.A. (PIE);20211111;EOL.CV.PB.035240-3.01;BERNARDO.OLIVEIRA;20241213;BERNARDO.OLIVEIRA;20241213
Boqueirão I;42000;100% para CENTRAL EOLICA BOQUEIRAO I S.A. (PIE);20230107;EOL.CV.RN.040816-6.01;BERNARDO.OLIVEIRA;20241213;BERNARDO.OLIVEIRA;20241213
Santa Úrsula;27300;100% para Santa Úrsula Energias Renováveis S.A (PIE);20161115;EOL.CV.RN.031425-0.01;BERNARDO.OLIVEIRA;20241213;BERNARDO.OLIVEIRA;20241213
Cruz Alta;30000;100% para Cruz Alta Energia Eólica S.A. (PIE);20111109;EOL.CV.SC.029070-0.01;BERNARDO.OLIVEIRA;20241213;BERNARDO.OLIVEIRA;20241213
Umburanas 9;17500;100% para Eólica Umburanas  9 S.A. (PIE);20190313;EOL.CV.BA.031743-8.01;BERNARDO.OLIVEIRA;20241213;BERNARDO.OLIVEIRA;20241213
Bons Ventos Cacimbas 2;23100;100% para GERADORA EÓLICA BONS VENTOS DA SERRA 2 S.A (PIE);20180616;EOL.CV.CE.031644-0.01;BERNARDO.OLIVEIRA;20241213;BERNARDO.OLIVEIRA;20241213
Monte Verde II;67200;100% para CENTRAL EOLICA MONTE VERDE II S.A (PIE);20230106;EOL.CV.RN.032519-8.01;BERNARDO.OLIVEIRA;20241213;BERNARDO.OLIVEIRA;20241213
Embuaca;27300;100% para Embuaca Geração e Comercialização de Energia S.A (PIE);20140329;EOL.CV.CE.030336-4.01;BERNARDO.OLIVEIRA;20241213;BERNARDO.OLIVEIRA;20241213
Parque Eólico do Horizonte;4800;100% para CENAEEL - Central Nacional de Energia Eólica S.A. (REG);20040218;EOL.CV.SC.028674-5.01;BERNARDO.OLIVEIRA;20241213;BERNARDO.OLIVEIRA;20241213
Damascena;30000;100% para Enel Green Power Damascena Eólica S.A (PIE);20160430;EOL.CV.BA.031338-6.01;BERNARDO.OLIVEIRA;20241213;BERNARDO.OLIVEIRA;20241213
Farol;20000;100% para GE FAROL S/A (PIE);20150225;EOL.CV.RN.030502-2.01;BERNARDO.OLIVEIRA;20241213;BERNARDO.OLIVEIRA;20241213
Serrote VI;29400;100% para SERROTE VI GERAÇÃO DE ENERGIA ELÉTRICA S.A (PIE);20210227;EOL.CV.CE.040883-2.01;BERNARDO.OLIVEIRA;20241213;BERNARDO.OLIVEIRA;20241213
Ventos de Santa Luzia 02;45000;100% para VENTOS DE SÃO TEÓFANO ENERGIAS RENOVÁVEIS S.A. (PIE);20240329;EOL.CV.BA.049399-6.01;BERNARDO.OLIVEIRA;20241213;BERNARDO.OLIVEIRA;20241213
Ventos da Bahia XVIII;28600;100% para PARQUE EÓLICO VENTOS DA BAHIA XVIII S.A. (PIE);20180912;EOL.CV.BA.034883-0.01;BERNARDO.OLIVEIRA;20241213;BERNARDO.OLIVEIRA;20241213
Assuruá 4 VI;36000;100% para ASSURUA 4 VI ENERGIA S.A (PIE);20221012;EOL.CV.BA.050468-8.01;BERNARDO.OLIVEIRA;20241213;BERNARDO.OLIVEIRA;20241213
Praia do Morgado;28800;100% para Central Eólica Praia do Morgado S.A (PIE);20100526;EOL.CV.CE.028440-8.01;BERNARDO.OLIVEIRA;20241213;BERNARDO.OLIVEIRA;20241213
Itarema VIII;21000;100% para EÓLICA ITAREMA VIII S.A. (PIE);20160727;EOL.CV.CE.031817-5.01;BERNARDO.OLIVEIRA;20241213;BERNARDO.OLIVEIRA;20241213
Ventos de Santa Angela 10;40950;100% para ENEL GREEN POWER VENTOS DE SANTA ANGELA 10 S.A. (PIE);20201231;EOL.CV.PI.033014-0.01;BERNARDO.OLIVEIRA;20241213;BERNARDO.OLIVEIRA;20241213
Afonso Bezerra II;29400;100% para AFONSO BEZERRA II GERAÇÃO DE ENERGIA SPE S.A (PIE);20220430;EOL.CV.RN.035159-8.01;BERNARDO.OLIVEIRA;20241213;BERNARDO.OLIVEIRA;20241213
Santa Helena;29700;100% para SANTA HELENA ENERGIAS RENOVÁVEIS S.A (PIE);20150506;EOL.CV.RN.030834-0.01;BERNARDO.OLIVEIRA;20241213;BERNARDO.OLIVEIRA;20241213
Morro dos Ventos I;28800;100% para Desa Morro dos Ventos I S.A (PIE);20140329;EOL.CV.RN.030301-1.01;BERNARDO.OLIVEIRA;20241213;BERNARDO.OLIVEIRA;20241213
Ventos de São Roque 02;49500;100% para ENEL GREEN POWER VENTOS DE SÃO ROQUE 02 S.A. (PIE);20221001;EOL.CV.PI.038104-7.01;BERNARDO.OLIVEIRA;20241213;BERNARDO.OLIVEIRA;20241213
São Januário;21000;100% para ENERGIA DOS VENTOS V S.A (PIE);20200602;EOL.CV.CE.030921-4.01;BERNARDO.OLIVEIRA;20241213;BERNARDO.OLIVEIRA;20241213
Terra Santa I;60350;100% para CENTRAL EÓLICA TERRA SANTA SPE I LTDA (PIE);20210814;EOL.CV.RN.032495-7.01;BERNARDO.OLIVEIRA;20241213;BERNARDO.OLIVEIRA;20241213
Aroeira 5;43000;100% para Enel Green Power Aroeira 05 S.A. (PIE);20231220;EOL.CV.BA.044950-4.01;BERNARDO.OLIVEIRA;20241213;BERNARDO.OLIVEIRA;20241213
Serra da Babilônia VIII;28200;100% para EÓLICA SERRA DA BABILÔNIA VIII S.A (PIE);20181212;EOL.CV.BA.032468-0.01;BERNARDO.OLIVEIRA;20241213;BERNARDO.OLIVEIRA;20241213
Ventos de São Clemente 8;22140;100% para Ventos de São Clemente VIII Energias Renováveis S.A (PIE);20160621;EOL.CV.PE.031825-6.01;BERNARDO.OLIVEIRA;20241213;BERNARDO.OLIVEIRA;20241213
Ventos de Santa Leia 03;67500;100% para VENTOS DE SÃO LEÃO I ENERGIAS RENOVÁVEIS S.A. (PIE);20230307;EOL.CV.RN.034937-2.01;BERNARDO.OLIVEIRA;20241213;BERNARDO.OLIVEIRA;20241213
Pindaí;24000;100% para Centrais Eólicas Pindaí S.A (PIE);20140704;EOL.CV.BA.030324-0.01;BERNARDO.OLIVEIRA;20241213;BERNARDO.OLIVEIRA;20241213
Ventos de São Vitor 11;31000;100% para Ventos de São Vítor 11 Energias Renováveis S.A. (PIE);20240723;EOL.CV.BA.034658-6.01;BERNARDO.OLIVEIRA;20241213;BERNARDO.OLIVEIRA;20241213
Ventos de Santa Angela 02;31500;100% para ENEL GREEN POWER VENTOS DE SANTA ANGELA 2 S.A. (PIE);20201112;EOL.CV.PI.033006-0.01;BERNARDO.OLIVEIRA;20241213;BERNARDO.OLIVEIRA;20241213
Reduto;27000;100% para USINA DE ENERGIA EÓLICA REDUTO SPE S.A (PIE);20170617;EOL.CV.RN.030843-9.01;BERNARDO.OLIVEIRA;20241213;BERNARDO.OLIVEIRA;20241213
Delta 5 I;27000;100% para DELTA 5 I ENERGIA S.A. (PIE);20181228;EOL.CV.MA.037976-0.01;BERNARDO.OLIVEIRA;20241213;BERNARDO.OLIVEIRA;20241213
Aura Lagoa do Barro 05;24000;100% para Lagoa do Barro V Energias Renováveis S.A. (PIE);20181102;EOL.CV.PI.033623-8.01;BERNARDO.OLIVEIRA;20241213;BERNARDO.OLIVEIRA;20241213
Ventos de Santa Joana IX;29600;100% para Ventos de Santa Joana IX Energias Renováveis S.A (PIE);20150827;EOL.CV.PI.031417-0.01;BERNARDO.OLIVEIRA;20241213;BERNARDO.OLIVEIRA;20241213
Santa Rosa e Mundo Novo III;33600;100% para CENTRAL EÓLICA SRMN III S.A. (PIE);20220105;EOL.CV.RN.035212-8.01;BERNARDO.OLIVEIRA;20241213;BERNARDO.OLIVEIRA;20241213
Santo Agostinho 1;18600;100% para Eólica Santo Agostinho 1 S.A. (PIE);20231128;EOL.CV.RN.033831-1.01;BERNARDO.OLIVEIRA;20241213;BERNARDO.OLIVEIRA;20241213
Umburanas 25;17500;100% para Eólica Umburanas  25 S.A. (PIE);20190301;EOL.CV.BA.033639-4.01;BERNARDO.OLIVEIRA;20241213;BERNARDO.OLIVEIRA;20241213
Serra do Fogo;31185;100% para SERRA DO FOGO ENERGÉTICA S.A. (PIE);20201205;EOL.CV.BA.035222-5.01;BERNARDO.OLIVEIRA;20241213;BERNARDO.OLIVEIRA;20241213
Tucano VII;55800;100% para TUCANO F7 GERACAO DE ENERGIAS SPE S.A. (PIE);20221222;EOL.CV.BA.032579-1.01;BERNARDO.OLIVEIRA;20241213;BERNARDO.OLIVEIRA;20241213
Serra de Santana I;20000;100% para Gestamp Eólica Serra de Santana S.A. (PIE);20160302;EOL.CV.RN.030625-8.01;BERNARDO.OLIVEIRA;20241213;BERNARDO.OLIVEIRA;20241213
Pedra do Sal;18000;100% para EÓLICA PEDRA DO SAL S.A. (PIE);20081230;EOL.CV.PI.028731-8.01;BERNARDO.OLIVEIRA;20241213;BERNARDO.OLIVEIRA;20241213
Ventos de Santo Augusto VII;18400;100% para Ventos de Santo Augusto VII Energias Renováveis S.A (PIE);20170304;EOL.CV.PI.031749-7.01;BERNARDO.OLIVEIRA;20241213;BERNARDO.OLIVEIRA;20241213
Cajuína B16 (Antiga Ventos de Santa Tereza 08);17100;100% para VENTOS DE SANTA TEREZA 08 ENERGIAS RENOVAVEIS S.A. (PIE);20240201;EOL.CV.RN.047242-5.01;BERNARDO.OLIVEIRA;20241213;BERNARDO.OLIVEIRA;20241213
Santo Antônio de Pádua;14000;100% para Central Eólica Santo Antônio de Pádua S.A. (PIE);20141111;EOL.CV.CE.030916-8.01;BERNARDO.OLIVEIRA;20241213;BERNARDO.OLIVEIRA;20241213
Serra do Mato IV;21000;100% para EÓLICA SERRA DO MATO IV ENERGY S.A (PIE);20211204;EOL.CV.CE.032378-0.01;BERNARDO.OLIVEIRA;20241213;BERNARDO.OLIVEIRA;20241213
Verace VIII;26000;100% para Omega Geração S.A. (PIE);20150224;EOL.CV.RS.030755-6.01;BERNARDO.OLIVEIRA;20241213;BERNARDO.OLIVEIRA;20241213
Ventos de Santa Ângela 16;31500;100% para ENEL GREEN POWER VENTOS DE SANTA ANGELA ACL 16 S.A (PIE);20210519;EOL.CV.PI.033020-5.01;BERNARDO.OLIVEIRA;20241213;BERNARDO.OLIVEIRA;20241213
Oeste Serido XII;31500;100% para CENTRAL GERADORA EÓLICA SERIDÓ XII S.A. (PIE);20240118;EOL.CV.RN.047160-7.01;BERNARDO.OLIVEIRA;20241213;BERNARDO.OLIVEIRA;20241213
Baixa do Feijão IV;30000;100% para Central Eólica Baixa do Feijão IV S.A (PIE);20160521;EOL.CV.RN.030931-1.01;BERNARDO.OLIVEIRA;20241213;BERNARDO.OLIVEIRA;20241213
Umbuzeiros;32900;100% para Central Eólica Jaú S.A. (PIE);20180330;EOL.CV.RN.031826-4.01;BERNARDO.OLIVEIRA;20241213;BERNARDO.OLIVEIRA;20241213
Banda de Couro;32900;100% para BANDA DE COURO ENERGÉTICA S/A (PIE);20160311;EOL.CV.BA.031607-5.01;BERNARDO.OLIVEIRA;20241213;BERNARDO.OLIVEIRA;20241213
OITIS 22;49500;100% para OITIS 22 ENERGIA RENOVÁVEL S.A. (PIE);20221221;EOL.CV.BA.044361-1.01;BERNARDO.OLIVEIRA;20241213;BERNARDO.OLIVEIRA;20241213
Ventos de Santa Martina 10;63000;100% para VENTOS DE SANTA ALICE ENERGIAS RENOVÁVEIS S/A (PIE);20210714;EOL.CV.RN.038319-8.01;BERNARDO.OLIVEIRA;20241213;BERNARDO.OLIVEIRA;20241213
Asa Branca V;32000;100% para Asa Branca V Energias Renováveis S.A. (PIE);20141206;EOL.CV.RN.030507-3.01;BERNARDO.OLIVEIRA;20241213;BERNARDO.OLIVEIRA;20241213
Brejinhos A;37800;100% para EOLICA BREJINHOS ALFA S.A (PIE);20240829;EOL.CV.BA.040777-1.01;BERNARDO.OLIVEIRA;20241213;BERNARDO.OLIVEIRA;20241213
Ventos de São Roque 04;49500;100% para ENEL GREEN POWER VENTOS DE SAO ROQUE 04 S.A. (PIE);20221122;EOL.CV.PI.038106-3.01;BERNARDO.OLIVEIRA;20241213;BERNARDO.OLIVEIRA;20241213
Ventos do Morro do Chapéu;27510;100% para Nova Ventos do Morro do Chapéu Energias Renováveis S.A (PIE);20161006;EOL.CV.CE.030582-0.01;BERNARDO.OLIVEIRA;20241213;BERNARDO.OLIVEIRA;20241213
Aventura IV;29400;100% para CENTRAL EÓLICA AVENTURA IV S.A. (PIE);20210708;EOL.CV.RN.037949-2.01;BERNARDO.OLIVEIRA;20241213;BERNARDO.OLIVEIRA;20241213
Faísa V;29400;100% para EÓLICA FAÍSA V - GERAÇÃO E COMERCIALIZAÇÃO DE ENERGIA S.A. (PIE);20141030;EOL.CV.CE.030309-7.01;BERNARDO.OLIVEIRA;20241213;BERNARDO.OLIVEIRA;20241213
Umburanas 1;25000;100% para Eólica Umburanas  1 S.A. (PIE);20190424;EOL.CV.BA.031738-1.01;BERNARDO.OLIVEIRA;20241213;BERNARDO.OLIVEIRA;20241213
Ventos de Santa Brígida I;13600;100% para Ventos de Santa Brígida I Energias Renováveis S.A. (PIE);20151225;EOL.CV.PE.031365-3.01;BERNARDO.OLIVEIRA;20241213;BERNARDO.OLIVEIRA;20241213
Alegria II;100650;100% para New Energy Options Geração de Energia S.A (PIE);20111230;EOL.CV.RN.028443-2.01;BERNARDO.OLIVEIRA;20241213;BERNARDO.OLIVEIRA;20241213
Jandaira II;24255;100% para JANDAÍRA II ENERGIAS RENOVÁVEIS S.A. (PIE);20221018;EOL.CV.RN.035008-7.01;BERNARDO.OLIVEIRA;20241213;BERNARDO.OLIVEIRA;20241213
Aura Mirim IV;15000;100% para Santa Vitória do Palmar VIII Energias Renováveis S.A (PIE);20170202;EOL.CV.RS.031663-6.01;BERNARDO.OLIVEIRA;20241213;BERNARDO.OLIVEIRA;20241213
Maniçoba;30000;100% para Enel Green Power Maniçoba Eólica S.A (PIE);20171206;EOL.CV.BA.031337-8.01;BERNARDO.OLIVEIRA;20241213;BERNARDO.OLIVEIRA;20241213
Serra do Seridó III;44000;100% para Parque Eólico Serra do Seridó III S.A. (PIE);20230406;EOL.CV.PB.035226-8.01;BERNARDO.OLIVEIRA;20241213;BERNARDO.OLIVEIRA;20241213
Potiguar;27300;100% para USINA DE ENERGIA EÓLICA POTIGUAR S/A (PIE);20181229;EOL.CV.RN.032356-0.01;BERNARDO.OLIVEIRA;20241213;BERNARDO.OLIVEIRA;20241213
Pilões;30240;100% para Centrais Eólicas Pilões S.A (PIE);20150304;EOL.CV.BA.030776-9.01;BERNARDO.OLIVEIRA;20241213;BERNARDO.OLIVEIRA;20241213
Ventos de Santa Aparecida;27300;100% para CENTRAL EOLICA BABILONIA I S.A. (PIE);20181124;EOL.CV.BA.034736-1.01;BERNARDO.OLIVEIRA;20241213;BERNARDO.OLIVEIRA;20241213
Vitória;4250;100% para CARDUS ENERGIA LTDA. (PIE);20101128;EOL.CV.PB.029075-0.01;BERNARDO.OLIVEIRA;20241213;BERNARDO.OLIVEIRA;20241213
Toda Energia do Brasil;27720;100% para TODA ENERGIA DO BRASIL LTDA (PIE);20210907;EOL.CV.RN.046742-1.01;BERNARDO.OLIVEIRA;20241213;BERNARDO.OLIVEIRA;20241213
Sangradouro 2;29900;100% para Ventos da Lagoa Energia S.A (PIE);20121002;EOL.CV.RS.030381-0.01;BERNARDO.OLIVEIRA;20241213;BERNARDO.OLIVEIRA;20241213
Morro 1;45600;100% para MORRO DO CRUZEIRO I S.A. (PIE);20240919;EOL.CV.BA.050844-6.01;BERNARDO.OLIVEIRA;20241213;BERNARDO.OLIVEIRA;20241213
Cabeço Vermelho;28600;100% para EÓLICA CABEÇO VERMELHO S.A. (PIE);20180522;EOL.CV.RN.031651-2.01;BERNARDO.OLIVEIRA;20241213;BERNARDO.OLIVEIRA;20241213
Ventos de Santo Uriel;16200;100% para VENTOS DE SANTO URIEL S.A (PIE);20150522;EOL.CV.RN.030828-5.01;BERNARDO.OLIVEIRA;20241213;BERNARDO.OLIVEIRA;20241213
Verace 26;14320;100% para Omega Geração S.A. (PIE);20151126;EOL.CV.RS.031559-1.01;BERNARDO.OLIVEIRA;20241213;BERNARDO.OLIVEIRA;20241213
Ventos do Sertão;30000;100% para Sertão Energias Renováveis S.A (PIE);20160101;EOL.CV.BA.030946-0.01;BERNARDO.OLIVEIRA;20241213;BERNARDO.OLIVEIRA;20241213
Ventos de São Januário 10;42000;100% para PARQUE EÓLICO VENTOS DE SÃO JANUÁRIO 10 S.A (PIE);20210130;EOL.CV.BA.033529-0.01;BERNARDO.OLIVEIRA;20241213;BERNARDO.OLIVEIRA;20241213
Campo Largo XXI;29700;100% para CLWP EÓLICA PARQUE XXI S.A. (PIE);20181006;EOL.CV.BA.033633-5.01;BERNARDO.OLIVEIRA;20241213;BERNARDO.OLIVEIRA;20241213
Ventos de Santa Luzia 07;40500;100% para VENTOS DE SANTO URBANO I ENERGIAS RENOVÁVEIS S.A. (PIE);20240202;EOL.CV.BA.049420-8.01;BERNARDO.OLIVEIRA;20241213;BERNARDO.OLIVEIRA;20241213
Assuruá 5 V;34800;28.6170% para MANAUS AMBIENTAL S.A. (PIE) 21.7630% para AGUAS GUARIROBA SA (PIE) 13.6620% para AGUAS DE TERESINA SANEAMENTO SPE S.A. (PIE) 11.2000% para ASSURUÁ 5 ENERGIA S.A. (PIE) 8.3080% para RIO NEGRO AMBIENTAL CAPTACAO TRATAMENTO E DISTRIBUICAO DE;20230620;EOL.CV.BA.051788-7.01;BERNARDO.OLIVEIRA;20241213;BERNARDO.OLIVEIRA;20241213
Ventos de Santa Edwiges;29700;100% para Central Geradora Eólica Brite S.A. (PIE);20170624;EOL.CV.PI.031270-3.01;BERNARDO.OLIVEIRA;20241213;BERNARDO.OLIVEIRA;20241213
Camilo Pontes V (antiga Ventos de São Miguel);30000;100% para GERAÇÃO CENTRAL EÓLICA VENTOS DE SÃO MIGUEL S.A. (PIE);20141224;EOL.CV.RN.030514-6.01;BERNARDO.OLIVEIRA;20241213;BERNARDO.OLIVEIRA;20241213
Elebrás Cidreira 1;70000;100% para Elebrás Projetos S.A (PIE);20110521;EOL.CV.RS.028712-1.01;BERNARDO.OLIVEIRA;20241213;BERNARDO.OLIVEIRA;20241213
Ventos de Santa Angela 19;30000;100% para ENEL GREEN POWER VENTOS DE SANTA ÂNGELA 19 S.A. (PIE);20210407;EOL.CV.PI.033023-0.01;BERNARDO.OLIVEIRA;20241213;BERNARDO.OLIVEIRA;20241213
Ventos de São Zacarias 02;45600;100% para VENTOS DE SAO ZACARIAS 02 ENERGIAS RENOVAVEIS S.A. (PIE);20241008;EOL.CV.PI.038127-6.01;BERNARDO.OLIVEIRA;20241213;BERNARDO.OLIVEIRA;20241213
Vila Acre I;27300;100% para USINA DE ENERGIA EOLICA VILA ACRE I S.A (PIE);20170623;EOL.CV.RN.033752-8.01;BERNARDO.OLIVEIRA;20241213;BERNARDO.OLIVEIRA;20241213
Eurus VI;8000;100% para Eurus VI Energias Renováveis Ltda (PIE);20140329;EOL.CV.RN.030351-8.01;BERNARDO.OLIVEIRA;20241213;BERNARDO.OLIVEIRA;20241213
Corredor do Senandes II;21600;100% para ADS ER EÓLICA CORREDOR DO SENANDES 2 S/A (PIE);20150204;EOL.CV.RS.030842-0.01;BERNARDO.OLIVEIRA;20241213;BERNARDO.OLIVEIRA;20241213
Aura Lagoa do Barro 07;27000;100% para Lagoa do Barro VII Energias Renováveis S.A (PIE);20181127;EOL.CV.PI.033618-1.01;BERNARDO.OLIVEIRA;20241213;BERNARDO.OLIVEIRA;20241213
Macambira II;18000;100% para Gestamp Eólica Macambira II S.A (PIE);20160723;EOL.CV.RN.031026-3.01;BERNARDO.OLIVEIRA;20241213;BERNARDO.OLIVEIRA;20241213
Santo Agostinho 14;6200;100% para Eólica Santo Agostinho 14 S.A. (PIE);20230323;EOL.CV.RN.033854-0.01;BERNARDO.OLIVEIRA;20241213;BERNARDO.OLIVEIRA;20241213
Serrote VIII;29400;100% para SERROTE VIII GERAÇÃO DE ENERGIA ELÉTRICA S.A (PIE);20210323;EOL.CV.CE.040885-9.01;BERNARDO.OLIVEIRA;20241213;BERNARDO.OLIVEIRA;20241213
Assuruá 4 IV;36000;100% para ASSURUA 4 IV ENERGIA S.A (PIE);20230211;EOL.CV.BA.050466-1.01;BERNARDO.OLIVEIRA;20241213;BERNARDO.OLIVEIRA;20241213
Campo largo IX;25200;100% para CLWP EÓLICA PARQUE IX S.A. (PIE);20210223;EOL.CV.BA.034631-4.01;BERNARDO.OLIVEIRA;20241213;BERNARDO.OLIVEIRA;20241213
Serra de Santana III;30000;100% para Gestamp Eólica Seridó S.A. (PIE);20160302;EOL.CV.RN.030615-0.01;BERNARDO.OLIVEIRA;20241213;BERNARDO.OLIVEIRA;20241213
Itarema VII;21000;100% para Eólica Itarema VII S.A (PIE);20160727;EOL.CV.CE.031816-7.01;BERNARDO.OLIVEIRA;20241213;BERNARDO.OLIVEIRA;20241213
Gargaú;28050;100% para Omega Geração S.A. (PIE);20101028;EOL.CV.RJ.028730-0.01;BERNARDO.OLIVEIRA;20241213;BERNARDO.OLIVEIRA;20241213
Ventos de São Vitor 3;31000;100% para Ventos de São Vítor 03 Energias Renováveis S.A. (PIE);20240510;EOL.CV.BA.034655-1.01;BERNARDO.OLIVEIRA;20241213;BERNARDO.OLIVEIRA;20241213
Ventos de Santa Angela 07;25200;100% para ENEL GREEN POWER VENTOS DE SANTA ÂNGELA 7 S.A. (PIE);20201230;EOL.CV.PI.033011-6.01;BERNARDO.OLIVEIRA;20241213;BERNARDO.OLIVEIRA;20241213
Ventos de Santo Estevão II;25300;100% para Ventos de Santo Estevão II Energias Renováveis S.A (PIE);20170506;EOL.CV.PE.031762-4.01;BERNARDO.OLIVEIRA;20241213;BERNARDO.OLIVEIRA;20241213
cajuina b19 (antiga ventos de sao ricardo 01);23600;100% para VENTOS DE SAO RICARDO 01 ENERGIAS RENOVAVEIS S.A. (PIE);20240924;EOL.CV.RN.049170-5.01;BERNARDO.OLIVEIRA;20241213;BERNARDO.OLIVEIRA;20241213
Miassaba 3;68470;100% para Brasventos Miassaba 3 Geradora de Energia S.A (PIE);20140201;EOL.CV.RN.030339-9.01;BERNARDO.OLIVEIRA;20241213;BERNARDO.OLIVEIRA;20241213
Tucano VI;49600;100% para TUCANO F6 GERAÇÃO DE ENERGIAS SPE S.A. (PIE);20220709;EOL.CV.BA.032578-3.01;BERNARDO.OLIVEIRA;20241213;BERNARDO.OLIVEIRA;20241213
Ventos de Santa Joana XIV;30000;100% para VENTOS DE SANTA JOANA XIV ENERGIAS RENOVÁVEIS S.A. (PIE);20151218;EOL.CV.PI.031368-8.01;BERNARDO.OLIVEIRA;20241213;BERNARDO.OLIVEIRA;20241213
Vila Piauí I;37800;100% para VILA PIAUÍ 1 EMPREENDIMENTOS E PARTICIPAÇÕES S.A. (PIE);20200717;EOL.CV.RN.036975-6.01;BERNARDO.OLIVEIRA;20241213;BERNARDO.OLIVEIRA;20241213
Carcará II;30000;100% para USINA DE ENERGIA EOLICA CARCARA II SPE S.A. (PIE);20141209;EOL.CV.RN.030897-8.01;BERNARDO.OLIVEIRA;20241213;BERNARDO.OLIVEIRA;20241213
Ventos de Santa Eugênia 03;39900;100% para OSLO III S/A. (PIE);20231115;EOL.CV.BA.038079-2.01;BERNARDO.OLIVEIRA;20241213;BERNARDO.OLIVEIRA;20241213
EOL Assuruá 4 I;36000;100% para ASSURUA 4 I ENERGIA S.A (PIE);20221110;EOL.CV.BA.050463-7.01;BERNARDO.OLIVEIRA;20241213;BERNARDO.OLIVEIRA;20241213
Serra das Vacas VII;25300;100% para Eólica Serra das Vacas VII S.A. (PIE);20171201;EOL.CV.PE.032361-6.01;BERNARDO.OLIVEIRA;20241213;BERNARDO.OLIVEIRA;20241213
Ventos de Santa Angelina;29700;100% para Central Geradora Eólica  Amontada S.A. (PIE);20160705;EOL.CV.PI.031275-4.01;BERNARDO.OLIVEIRA;20241213;BERNARDO.OLIVEIRA;20241213
Coelhos I;4500;100% para Vale dos Ventos Geradora Eólica S.A (PIE);20090305;EOL.CV.PB.029086-6.01;BERNARDO.OLIVEIRA;20241213;BERNARDO.OLIVEIRA;20241213
Nossa Senhora da Conceição;28800;100% para CENTRAIS EÓLICAS NOSSA SENHORA DA CONCEIÇÃO LTDA. (PIE);20140704;EOL.CV.BA.030318-6.01;BERNARDO.OLIVEIRA;20241213;BERNARDO.OLIVEIRA;20241213
Pau Ferro II;49500;100% para Enel Green Power Fontes Dos Ventos 2 S.A. (PIE);20211222;EOL.CV.PE.044553-3.01;BERNARDO.OLIVEIRA;20241213;BERNARDO.OLIVEIRA;20241213
Canoas 2;34650;100% para CANOAS 2 ENERGIA RENOVÁVEL S.A. (PIE);20211231;EOL.CV.PB.035181-4.01;BERNARDO.OLIVEIRA;20241213;BERNARDO.OLIVEIRA;20241213
União dos Ventos 6;12800;100% para Canto da Ilha Geradora Eólica S.A (PIE);20140405;EOL.CV.RN.030567-7.01;BERNARDO.OLIVEIRA;20241213;BERNARDO.OLIVEIRA;20241213
Verace VI;18000;100% para Omega Geração S.A. (PIE);20150224;EOL.CV.RS.030740-8.01;BERNARDO.OLIVEIRA;20241213;BERNARDO.OLIVEIRA;20241213
Morro Branco I;32900;100% para Morro Branco I Energética S.A (PIE);20151104;EOL.CV.BA.031336-0.01;BERNARDO.OLIVEIRA;20241213;BERNARDO.OLIVEIRA;20241213
Delfina I;28000;100% para Enel Green Power Delfina a Eolica S.A (PIE);20171031;EOL.CV.BA.032357-8.01;BERNARDO.OLIVEIRA;20241213;BERNARDO.OLIVEIRA;20241213
Oitis 4;49500;100% para OITIS 4 ENERGIA RENOVÁVEL S.A. (PIE);20221021;EOL.CV.PI.044363-8.01;BERNARDO.OLIVEIRA;20241213;BERNARDO.OLIVEIRA;20241213
Aura Mirim VIII;9000;100% para Santa Vitória do Palmar X Energias Renováveis S.A. (PIE);20170708;EOL.CV.RS.031699-7.01;BERNARDO.OLIVEIRA;20241213;BERNARDO.OLIVEIRA;20241213
Cristal;29900;100% para Enel Green Power Cristal Eólica S.A (PIE);20171110;EOL.CV.BA.030727-0.01;BERNARDO.OLIVEIRA;20241213;BERNARDO.OLIVEIRA;20241213
Lagoa 1;31500;100% para LAGOA 1 ENERGIA RENOVÁVEL S.A. (PIE);20171031;EOL.CV.PB.033664-5.01;BERNARDO.OLIVEIRA;20241213;BERNARDO.OLIVEIRA;20241213
São Fernando 2;72765;100% para VENTOS DE SÃO FERNANDO II ENERGIA S.A. (PIE);20201215;EOL.CV.RN.037075-4.01;BERNARDO.OLIVEIRA;20241213;BERNARDO.OLIVEIRA;20241213
Emiliana;28200;100% para Enel Green Power Emiliana Eólica S.A (PIE);20141009;EOL.CV.BA.030807-2.01;BERNARDO.OLIVEIRA;20241213;BERNARDO.OLIVEIRA;20241213
Ventos de São Roque 17;49500;100% para ENEL GREEN POWER VENTOS DE SAO ROQUE 17 S.A. (PIE);20230131;EOL.CV.PI.038111-0.01;BERNARDO.OLIVEIRA;20241213;BERNARDO.OLIVEIRA;20241213
Cajuína A1 (Antiga Ventos de Santa Tereza 01);39900;100% para VENTOS DE SANTA TEREZA 01 ENERGIAS RENOVAVEIS S.A. (PIE);20230831;EOL.CV.RN.047235-2.01;BERNARDO.OLIVEIRA;20241213;BERNARDO.OLIVEIRA;20241213
Porto do Delta;30800;100% para PORTO DO DELTA ENERGIA S.A. (PIE);20161104;EOL.CV.PI.030639-8.01;BERNARDO.OLIVEIRA;20241213;BERNARDO.OLIVEIRA;20241213
Osório 3;29900;100% para Ventos do Litoral Energia S.A. (PIE);20130215;EOL.CV.RS.030449-2.01;BERNARDO.OLIVEIRA;20241213;BERNARDO.OLIVEIRA;20241213
Tamanduá Mirim 2;16000;100% para Companhia Hidro Elétrica do São Francisco (PIE);20191114;EOL.CV.BA.031606-7.01;BERNARDO.OLIVEIRA;20241213;BERNARDO.OLIVEIRA;20241213
Umburanas 8;25000;100% para Eólica Umburanas  8 S.A. (PIE);20190206;EOL.CV.BA.031832-9.01;BERNARDO.OLIVEIRA;20241213;BERNARDO.OLIVEIRA;20241213
São Pedro do Lago;28000;100% para São Pedro do Lago S.A (PIE);20130302;EOL.CV.BA.030456-5.01;BERNARDO.OLIVEIRA;20241213;BERNARDO.OLIVEIRA;20241213
STA ALEXANDRINA;44000;100% para VENTOS DE SANTA ALEXANDRINA ENERGIAS RENOVAVEIS S/A (PIE);20220625;EOL.CV.PI.048511-0.01;BERNARDO.OLIVEIRA;20241213;BERNARDO.OLIVEIRA;20241213
Serra das Vacas IV;22295;100% para Eólica Serra das Vacas IV S.A (PIE);20151218;EOL.CV.PE.031574-5.01;BERNARDO.OLIVEIRA;20241213;BERNARDO.OLIVEIRA;20241213
Serra do Seridó X;34800;100% para PARQUE EOLICO SERRA DO SERIDO X S.A. (PIE);20240615;EOL.CV.PB.040615-5.1;BERNARDO.OLIVEIRA;20241213;BERNARDO.OLIVEIRA;20241213
Dreen São Bento do Norte;30000;100% para GE SÃO BENTO DO NORTE S/A (PIE);20150225;EOL.CV.RN.030536-7.01;BERNARDO.OLIVEIRA;20241213;BERNARDO.OLIVEIRA;20241213
Ventos de Santa Luzia 09;40500;100% para VENTOS DE SANTA VIRGÍNIA ENERGIAS RENOVÁVEIS S.A. (PIE);20240615;EOL.CV.BA.049422-4.01;BERNARDO.OLIVEIRA;20241213;BERNARDO.OLIVEIRA;20241213
Ventos de Santo Abraão;28000;100% para Enel Green Power São Abraão Eólica S.A (PIE);20180629;EOL.CV.BA.032884-7.01;BERNARDO.OLIVEIRA;20241213;BERNARDO.OLIVEIRA;20241213
Mangue Seco 5;26000;100% para Eólica Mangue Seco 4 – Geradora e Comercializadora de Energia Elétrica S.A. (PIE);20111101;EOL.CV.RN.030290-2.01;BERNARDO.OLIVEIRA;20241213;BERNARDO.OLIVEIRA;20241213
Cumaru II;42000;100% para ENEL GREEN POWER CUMARU 02 S.A (PIE);20210813;EOL.CV.RN.032208-3.01;BERNARDO.OLIVEIRA;20241213;BERNARDO.OLIVEIRA;20241213
Oeste Serido I;22500;100% para CENTRAL GERADORA EÓLICA SERIDÓ I S.A. (PIE);20231227;EOL.CV.RN.044974-1.01;BERNARDO.OLIVEIRA;20241213;BERNARDO.OLIVEIRA;20241213
Angicos II;29400;100% para EÓLICA ANGICOS II GERAÇÃO DE ENERGIAS SPE S.A (PIE);20220514;EOL.CV.RN.035166-0.01;BERNARDO.OLIVEIRA;20241213;BERNARDO.OLIVEIRA;20241213
Santa Clara II;30000;100% para Santa Clara II Energias Renováveis Ltda. (PIE);20140329;EOL.CV.RN.030308-9.01;BERNARDO.OLIVEIRA;20241213;BERNARDO.OLIVEIRA;20241213
Ribeirão;21600;100% para Central Geradora Eólica Ribeirão S.A. (PIE);20140925;EOL.CV.CE.030695-9.01;BERNARDO.OLIVEIRA;20241213;BERNARDO.OLIVEIRA;20241213
Verace 31;8950;100% para Omega Geração S.A. (PIE);20151216;EOL.CV.RS.031558-3.01;BERNARDO.OLIVEIRA;20241213;BERNARDO.OLIVEIRA;20241213
Diamante II;17500;100% para Parque Eólico Diamante II S.A (PIE);20180413;EOL.CV.BA.032347-0.01;BERNARDO.OLIVEIRA;20241213;BERNARDO.OLIVEIRA;20241213
Ventos de Vila Mato Grosso I (Antiga Vila Alagoas III);58905;100% para EOL POTIGUAR B61 SPE S.A (PIE);20210611;EOL.CV.RN.036984-5.01;BERNARDO.OLIVEIRA;20241213;BERNARDO.OLIVEIRA;20241213
São Jorge;24000;100% para CENTRAL EOLICA SAO JORGE S.A. (PIE);20141111;EOL.CV.CE.030911-7.01;BERNARDO.OLIVEIRA;20241213;BERNARDO.OLIVEIRA;20241213
Aura Caetité 04;22500;100% para TANQUE NOVO VII ENERGIAS RENOVAVEIS S.A. (PIE);20230505;EOL.CV.BA.032805-7.01;BERNARDO.OLIVEIRA;20241213;BERNARDO.OLIVEIRA;20241213
Campo Largo VIII;33600;100% para CLWP EÓLICA PARQUE VIII S.A. (PIE);20210504;EOL.CV.BA.034614-4.01;BERNARDO.OLIVEIRA;20241213;BERNARDO.OLIVEIRA;20241213
Praia Formosa;104400;100% para CPFL ENERGIAS RENOVÁVEIS S.A. (PIE);20090826;EOL.CV.CE.028631-1.01;BERNARDO.OLIVEIRA;20241213;BERNARDO.OLIVEIRA;20241213
Fleixeiras I;30004;100% para Central Eólica Fleixeiras I S.A (PIE);20140128;EOL.CV.CE.030670-3.01;BERNARDO.OLIVEIRA;20241213;BERNARDO.OLIVEIRA;20241213
Púlpito;30000;100% para Púlpito Energia Eólica S.A. (PIE);20110819;EOL.CV.SC.029051-3.01;BERNARDO.OLIVEIRA;20241213;BERNARDO.OLIVEIRA;20241213
Ventos da Bahia VIII;27000;100% para PARQUE EÓLICO BOA VISTA S.A. (PIE);20170921;EOL.CV.BA.031771-3.01;BERNARDO.OLIVEIRA;20241213;BERNARDO.OLIVEIRA;20241213
Ventos de São Zacarias 07;45600;100% para VENTOS DE SAO ZACARIAS 07 ENERGIAS RENOVAVEIS S.A. (PIE);20241002;EOL.CV.PI.038132-2.01;BERNARDO.OLIVEIRA;20241213;BERNARDO.OLIVEIRA;20241213
Ventos de Vila Ceará I (Antiga Vila Paraíba I);31185;100% para VENTOS DE VILA CEARÁ I SPE S.A (PIE);20200304;EOL.CV.RN.036974-8.01;BERNARDO.OLIVEIRA;20241213;BERNARDO.OLIVEIRA;20241213
Jerusalém IV;29400;100% para CENTRAL EOLICA JERUSALEM IV S.A. (PIE);20230119;EOL.CV.RN.037297-8.01;BERNARDO.OLIVEIRA;20241213;BERNARDO.OLIVEIRA;20241213
